序號,年度,類別,工程名稱,契約金額（千元）,主辦機關,施工單位,設計單位,監造單位,專案管理單位
1,109,土木工程類  ,北投士林科技園區區段徵收公共工程－填土整地工程(第2期-T16、T17、T18以外工區),650334,臺北市政府工務局水利工程處,豪昱營造股份有限公司,林同棪工程顧問股份有限公司,亞新工程顧問股份有限公司,無
2,109,土木工程類  ,南港公園更新工程(第二期),95120,臺北市政府工務局公園路燈工程管理處,超然營造工程有限公司,惇陽工程顧問有限公司,惇陽工程顧問有限公司,無
3,109,土木工程類  ,107年度永春陂濕地公園設施營造及改善工程(第二期),65980,臺北市政府工務局大地工程處,郁東營造有限公司,經典工程顧問有限公司,安笙工程顧問有限公司,無
4,109,土木工程類  ,107年度實驗性公園兒童遊戲場改善工程,33577,臺北市政府工務局公園路燈管理工程處,超然營造工程有限公司,境觀設計有限公司,境觀設計有限公司,無
5,109,土木工程類  ,108年度臺北市山坡地農業環境改善工程,39900,臺北市政府工務局大地工程處,台正營造有限公司,開巨技術顧問有限公司,開巨技術顧問有限公司,無
6,109,土木工程類  ,108年度山區道路改善及維護工程(竹子湖頂湖段及湖底支線等2處),9149,臺北市政府工務局大地工程處,富士山營造有限公司,亞柏技術顧問股份有限公司,亞柏技術顧問股份有限公司,無
7,109,土木工程類  ,信義線大安站3號與信義安和站2號出入口無障礙電梯復建工程,37571,臺北市政府捷運工程局第二區工程處,亞億營造股份有限公司,中興工程顧問股份有限公司/亞新工程顧問股份有限公司,臺北市政府捷運工程局第二區工程處土木第十工務所/水電環控第一工務所/電扶梯工務所,無
8,109,水利工程類  ,洲美堤防自雙溪橋至洲美大橋間堤防新建工程,239397,臺北市政府工務局水利工程處,豪昱營造股份有限公司,林同棪工程顧問股份有限公司,恆康工程顧問股份有限公司,無
9,109,水利工程類  ,直潭淨水場第一座快濾池設備改善工程,352600,臺北自來水事業處,臺灣增澤工程股份有限公司/泰業營造股份有限公司,環興科技股份有限公司,臺北自來水事業處工程總隊,無
10,109,水利工程類  ,106年度士林區中庸一路附近地區污水接管工程,91332,臺北市政府工務局衛生下水道工程處,中佑營造工程股份有限公司,式新工程顧問股份有限公司,恆康工程顧問股份有限公司,無
11,109,水利工程類  ,社子大橋周邊護岸及環境改善工程,40000,臺北市政府工務局水利工程處,安宏營造有限公司,宜大國際景觀科技股份有限公司,任泰技術顧問有限公司,無
12,109,水利工程類  ,106年度中山區中山北路2段及林森北路附近地區污水接管工程,28624,臺北市政府工務局衛生下水道工程處,萬碁工程有限公司,恆康工程顧問股份有限公司,恆康工程顧問股份有限公司,無
13,109,水利工程類  ,108年度臺北市山坡地溪溝改善及設施維護工程(南區),15197,臺北市政府工務局大地工程處,協翔營造工程股份有限公司,麒昌工程顧問股份有限公司,開巨技術顧問有限公司,無
14,109,水利工程類  ,108年度臺北市山坡地邊坡改善與設施維護工程,25765,臺北市政府工務局大地工程處,曜鼎營造有限公司,亞柏技術顧問股份有限公司,亞柏技術顧問股份有限公司,無
15,109,建築工程類  ,北部流行音樂中心興建工程(南基地),1651312,臺北市政府工務局新建工程處,瑞助營造股份有限公司,"RUR Architecture,P.C./宗邁建築師事務所","RUR Architecture,P.C./宗邁建築師事務所",喻台生建築師事務所/洪啟德土木大地技師事務所
16,109,建築工程類  ,臺北市政府警察局南港分局南港派出所新建工程(建築工程),375474,臺北市政府工務局新建工程處,文昌營造工程有限公司,廖晏瑋建築師事務所,廖晏瑋建築師事務所,無
17,109,建築工程類  ,臺北市內湖區瑞光公共住宅統包工程,1632257,臺北市政府都市發展局,建國工程股份有限公司/中保科技股份有限公司,蕭力仁建築師事務所,台灣世曦工程顧問股份有限公司,台灣世曦工程顧問股份有限公司/宋哲賓建築師事務所/陳章安建築師事務所
18,109,建築工程類  ,臺北市南港瓶蓋工廠歷史建築及保留建物整修工程,113954,臺北市政府產業發展局,福清營造股份有限公司,徐裕健建築師事務所,徐裕健建築師事務所,無
19,109,建築工程類  ,臺北市松山區民生社區大樓9樓整修工程,2676,臺北市政府社會局,宏鑫土木包工業有限公司,張書鳴建築師事務所,張書鳴建築師事務所,無
20,109,設施工程類  ,玉成抽水站機組更新工程,764687,臺北市政府工務局水利工程處,中鋼機械股份有限公司,台灣世曦工程顧問股份有限公司,東震土木技師事務所,無
21,109,設施工程類  ,迪化污水處理廠設備更新工程(第一期)-脫水機及濃縮機等設備更新,186600,臺北市政府工務局衛生下水道工程處,山林水環境工程股份有限公司,技嘉電機工業技師事務所,式新工程顧問股份有限公司,無
22,109,設施工程類  ,108年度重劃區智慧路燈建置統包工程,63533,臺北市政府工務局公園路燈工程管理處,億光電子工業股份有限公司,億光電子工業股份有限公司,技嘉電機工業技師事務所,無
23,110,土木工程類  ,LG02車站、LG02至LG03及LG02至LG01潛盾隧道土建工程及國語實小捷運共構大樓新建工程,2467000,臺北市政府捷運工程局第二區工程處,大陸工程股份有限公司,台灣世曦工程顧問股份有限公司,臺北市政府捷運工程局第二區工程處土木第三工務所,無
24,110,土木工程類  ,臺北市忠孝東路等東西軸線路段及周邊人行環境改善工程（第一標）,67430,臺北市政府工務局新建工程處,冠君營造有限公司,台灣世曦工程顧問股份有限公司,盛禹工程顧問有限公司,無
25,110,土木工程類  ,臺北市忠孝東路等東西軸線路段及周邊人行環境改善工程（第三標）,71710,臺北市政府工務局新建工程處,金煌營造有限公司,台灣世曦工程顧問股份有限公司,永健工程顧問有限公司,無
26,110,土木工程類  ,福和橋南側人行道拓寬暨自行車牽引道新築工程,82660,臺北市政府工務局新建工程處,稻田營造有限公司,恆康工程顧問股份有限公司,恆康工程顧問股份有限公司,無
27,110,土木工程類  ,108年度全市橋涵美化及鋼構油漆維護工程開口契約（第1標）（士林、北投、中山、大同區）,63000,臺北市政府工務局新建工程處,冠君營造有限公司,和建工程顧問股份有限公司,世偉工程顧問有限公司,無
28,110,土木工程類  ,天母公園改善工程,66066,臺北市政府工務局公園路燈工程管理處,富士山營造有限公司,大凡工程顧問有限公司,大凡工程顧問有限公司,無
29,110,土木工程類  ,辛亥生態（文木91號）公園新建工程,"105,808",臺北市政府工務局公園路燈工程管理處,瑞健營造有限公司,禾拓規劃設計顧問有限公司,禾拓規劃設計顧問有限公司,無
30,110,土木工程類  ,臺北市立天母棒球場整建計畫-人工草皮新設工程(含排水系統改善),79897,臺北市政府體育局,秉璘營造有限公司,萬邦建築師事務所,萬邦建築師事務所,無
31,110,土木工程類  ,108年度災害搶修工程開口契約（第1標）（士林、北投、中山、大同）,14926,臺北市政府工務局新建工程處,興成營造有限公司,佑昌工程顧問有限公司,世偉工程顧問有限公司,無
32,110,土木工程類  ,關渡碼頭周邊設施改善工程,28075,臺北市政府工務局水利工程處,永溢營造股份有限公司,城拓工程顧問有限公司,任泰技術顧問有限公司,無
33,110,土木工程類  ,108年青年、大安森林公園兒童遊戲場改善工程,48949,臺北市政府工務局公園路燈工程管理處,虹泰營造有限公司,境觀設計有限公司,境觀設計有限公司,無
34,110,土木工程類  ,糶米（信義383號）公園新建工程,18167,臺北市政府工務局公園路燈工程管理處,廣聯營造有限公司,亞柏技術顧問股份有限公司,亞柏技術顧問股份有限公司,無
35,110,土木工程類  ,迪化污水處理廠附設休閒運動公園遊樂設施改善統包工程,11494,臺北市政府工務局衛生下水道工程處,潤鉅遊樂股份有限公司,潤鉅遊樂股份有限公司,墣境國際規劃設計顧問有限公司,無
36,110,土木工程類  ,109年度登山步道周邊改善工程,15484,臺北市政府工務局大地工程處,協翔營造工程股份有限公司,開巨技術顧問有限公司,開巨技術顧問有限公司,無
37,110,土木工程類  ,109年度山區道路改善及維護工程（第二期）,9445,臺北市政府工務局大地工程處,一亨營造有限公司,亞柏技術顧問股份有限公司,亞柏技術顧問股份有限公司,無
38,110,水利工程類  ,忠孝橋∮1500mm輸水幹管潛盾統包工程,306800,臺北自來水事業處,豐順營造股份有限公司,中興工程顧問股份有限公司/集美工程顧問股份有限公司,臺北自來水事業處工程總隊,無
39,110,水利工程類  ,磺溪建德橋至福國路兩岸堤防改建工程,115826,臺北市政府工務局水利工程處,上溢營造股份有限公司,式新工程顧問股份有限公司,威旭水利技師事務所,無
40,110,水利工程類  ,社子島濕地解說小築擴建及周邊環境改善工程,16060,臺北市政府工務局水利工程處,志億營造股份有限公司,臺北市政府工務局水利工程處/宜大國際景觀科技股份有限公司,任泰技術顧問有限公司,無
41,110,水利工程類  ,109年南區支管及用戶排水設備工程（預約式工程）,28383,臺北市政府工務局衛生下水道工程處,廣信工程股份有限公司,臺北市政府工務局衛生下水道工程處,恆康工程顧問股份有限公司,無
42,110,水利工程類  ,109年度臺北市山坡地溪溝改善及設施維護工程（北區）,13610,臺北市政府工務局大地工程處,協翔營造工程股份有限公司,開巨技術顧問有限公司,開巨技術顧問有限公司,無
43,110,水利工程類  ,109年度貴子坑水土保持教學園區整建工程案,21462,臺北市政府工務局大地工程處,台正營造有限公司,開巨技術顧問有限公司,無,無
44,110,水利工程類  ,臺北市蟾蜍山聚落區東側水土保持維護改善暨污水管線設施工程,48137,臺北市政府工務局大地工程處,台正營造有限公司,智全工程技術顧問有限公司,無,無
45,110,建築工程類  ,臺北藝術中心接續工程（第二標）,1350000,臺北市政府工務局新建工程處,安倉營造股份有限公司,OMA大都會建築事務所暨大元聯合建築師事務所,OMA大都會建築事務所暨大元聯合建築師事務所,無
46,110,建築工程類  ,臺北市大同區延平國民小學校舍整體改建工程,1093000,臺北市政府工務局新建工程處,三星營造股份有限公司/永龍企業股份有限公司,楊天柱建築師事務所,楊天柱建築師事務所,無
47,110,建築工程類  ,內湖106號公園地下停車場新建工程,519880,臺北市停車管理工程處,森業營造股份有限公司/霆沛機電有限公司/凱成企業有限公司,無,無,無
48,110,建築工程類  ,廣慈博愛園區整體開發計畫公共住宅第D標統包工程,3439032,臺北市政府都市發展局,皇昌營造股份有限公司/中華電信股份有限公司臺灣北區電信分公司,陳裕益建築師事務所,許常吉建築師事務所/蘇建榮建築師事務所,台灣世曦工程顧問股份有限公司/楊國隆建築師事務所
49,110,建築工程類  ,廣慈博愛園區整體開發計畫公共住宅第E標統包工程,3436000,臺北市政府都市發展局,大陸工程股份有限公司,徐維志建築師事務所,中棪工程顧問股份有限公司/林智灝建築師事務所,台灣世曦工程顧問股份有限公司/楊國隆建築師事務所
50,110,建築工程類  ,廣慈博愛園區整體開發計畫行政大樓第A標及社福大樓第B標統包工程,4468800,臺北市政府都市發展局,泛亞工程建設股份有限公司,蕭力仁建築師事務所,喻台生建築師事務所,台灣世曦工程顧問股份有限公司/楊國隆建築師事務所
51,110,建築工程類  ,萬福國小風雨操場新建工程,34152,臺北市文山區萬福國民小學,亞億營造股份有限公司,黃孟偉建築師事務所,黃孟偉建築師事務所,無
52,110,設施工程類  ,士林抽水站發電機及抽水機組更新工程,234971,臺北市政府工務局水利工程處,安倉營造股份有限公司,台灣世曦工程顧問股份有限公司,台灣世曦工程顧問股份有限公司,無
53,111,土木工程類  ,110年度一般道路更新工程開口契約（第5標）（士林、北投區）,204837,臺北市政府工務局新建工程處,磐碩營造股份有限公司,恆康工程顧問股份有限公司,世偉工程顧問有限公司,無
54,111,土木工程類  ,大度路3段南側貴子坑溪旁道路拓寬工程,190000,臺北市政府工務局新建工程處,上溢營造股份有限公司,恆康工程顧問股份有限公司,世偉工程顧問有限公司,無
55,111,土木工程類  ,七虎、七星等公園改善工程,69976,臺北市政府工務局公園路燈工程管理處,佳翰營造有限公司,禾拓規劃設計顧問有限公司,禾拓規劃設計顧問有限公司,無
56,111,土木工程類  ,磺港溪A段等公園改善工程,57055,臺北市政府工務局公園路燈工程管理處,超然營造工程有限公司,禾拓規劃設計顧問有限公司,禾拓規劃設計顧問有限公司,無
57,111,土木工程類  ,文山森林公園新建工程,122158,臺北市政府工務局大地工程處,郁東營造有限公司,開巨技術顧問有限公司,開巨技術顧問有限公司,無
58,111,土木工程類  ,110年度災害搶修暨災防工程開口契約（第1標）（士林、北投、中山、大同）,14470,臺北市政府工務局新建工程處,興成營造有限公司,恆康工程顧問股份有限公司,世偉工程顧問有限公司,無
59,111,土木工程類  ,110年度全市橋涵美化及鋼構油漆維護工程開口契約（第1標）（士林、北投、中山、大同區）,36919,臺北市政府工務局新建工程處,上溢營造股份有限公司,和建工程顧問股份有限公司,世偉工程顧問有限公司,無
60,111,土木工程類  ,全市堤防美化（第5期）統包工程,17400,臺北市政府工務局水利工程處,志億營造股份有限公司,樺致形象設計有限公司,威旭工程顧問有限公司,無
61,111,土木工程類  ,小觀音山木棧道工程,20464,臺北市政府工務局公園路燈工程管理處,富士山營造有限公司,亞柏技術顧問股份有限公司,亞柏技術顧問股份有限公司,無
62,111,土木工程類  ,109年度臺北市行義路300巷口入口廣場及公共平面停車場整建工程,27299,臺北市政府工務局大地工程處,益廣營造有限公司,亞柏技術顧問股份有限公司,亞柏技術顧問股份有限公司,無
63,111,土木工程類  ,109年度內湖區康寧里康寧天闊社區地錨擋土牆補強工程,48949,臺北市政府工務局大地工程處,競捷營造股份有限公司,亞柏技術顧問股份有限公司,亞柏技術顧問股份有限公司,無
64,111,水利工程類  ,延平河濱公園（大稻埕碼頭至忠孝橋下）區域改善工程,75490,臺北市政府工務局水利工程處,逸峰營造有限公司,宜大國際景觀科技股份有限公司,任泰技術顧問有限公司,無
65,111,水利工程類  ,108至111年度中大口徑幹管不斷水工法配合工程,120584,臺北自來水事業處,碧城興業股份有限公司,臺北自來水事業處工程總隊,臺北自來水事業處工程總隊,無
66,111,水利工程類  ,美堤河濱公園自然親水灣周邊環境整建工程（第二期）,37499,臺北市政府工務局水利工程處,鋐城營造有限公司,宜大國際景觀科技股份有限公司,盛禹工程顧問有限公司,無
67,111,水利工程類  ,110年北區污水管渠配合拆遷及後巷美化預約式工程,31100,臺北市政府工務局衛生下水道工程處,啟揚環境有限公司,臺北市政府工務局衛生下水道工程處,桔源工程顧問有限公司,無
68,111,水利工程類  ,110年度臺北市山坡地溪溝改善及設施維護工程（北區）,9427,臺北市政府工務局大地工程處,富士山營造有限公司,開巨技術顧問有限公司,開巨技術顧問有限公司,無
69,111,建築工程類  ,臺北市萬華區新和國民小學校舍整體改建工程,1380633,臺北市政府工務局新建工程處,東昇營造工程有限公司/廣乙建設股份有限公司 /良將空調工程有限公司,邱永章建築師事務所,邱永章建築師事務所,無
70,111,建築工程類  ,臺北市內湖區南湖國民小學活動中心新建工程,273032,臺北市政府工務局新建工程處,根基營造股份有限公司,孫文郁建築師事務所,孫文郁建築師事務所,無
71,111,建築工程類  ,臺北市內湖區河濱高中基地公共住宅統包工程,2647438,臺北市政府都市發展局,中華工程股份有限公司/承隆能源科技股份有限公司,郭恆成建築師事務所,亞新工程顧問股份有限公司/宋哲賓建築師事務所,亞新工程顧問股份有限公司/陳章安建築師事務所/宋哲賓建築師事務所
72,111,建築工程類  ,110年度教學大樓第一期校舍耐震能力補強工程,18199,臺北市立永吉國民中學,百輝營造有限公司,鴻碩工程顧問有限公司,鴻碩工程顧問有限公司,無
73,111,設施工程類  ,IYZX01標捷運初期路網車站出入口電扶梯中期改善工程,413170,臺北市政府捷運工程局第二區工程處,亞億營造股份有限公司/崇友實業股份有限公司台北分公司,萬鼎工程服務股份有限公司,臺北市政府捷運工程局第二區工程處土木第三工務所/臺北市政府捷運工程局第二區工程處水環第一工務所/臺北市政府捷運工程局機電系統工程處電扶梯工務所,無
74,111,設施工程類  ,民生及士林抽水站抽水機組更新工程,151718,臺北市政府工務局水利工程處,安倉營造股份有限公司,台灣世曦工程顧問股份有限公司,台灣世曦工程顧問股份有限公司,無
75,111,設施工程類  ,迪化污水處理廠鼓風機更新緊急應變工程,57143,臺北市政府工務局衛生下水道工程處,山林水環境工程股份有限公司,式新工程顧問股份有限公司,無,無
76,111,設施工程類  ,代辦八里污水處理廠污泥減量統包工程,174017,臺北市政府工務局衛生下水道工程處,煒盛廢水處理股份有限公司,無,無,無
77,111,設施工程類  ,臺北市中小學電力系統改善工程（第28群）,43439,臺北市立中正高級中學,駿翊機電股份有限公司,無,無,無
78,112,土木工程類  ,萬大－中和－樹林線（第一期工程）CQ860區段標工程,7415900,臺北市政府捷運工程局第一區工程處,皇昌營造股份有限公司,台灣世曦工程顧問股份有限公司/中興工程顧問股份有限公司,臺北市政府捷運工程局第一區工程處土木第五工務所,無
79,112,土木工程類  ,臺北都會區大眾捷運系統萬大─中和─樹林線（第一期工程）CQ850A區段標工程,3874305,臺北市政府捷運工程局第二區工程處,大陸工程股份有限公司,中興工程顧問股份有限公司,臺北市政府捷運工程局第二區工程處土木第四工務所,無
80,112,土木工程類  ,110年度一般道路更新工程開口契約（第3標）（中正、萬華區）,188669,臺北市政府工務局新建工程處,晉德營造有限公司/金和泰實業股份有限公司,永築工程顧問有限公司,盛禹工程顧問有限公司,無
81,112,土木工程類  ,臺北市市政大樓及市府路周邊景觀改善工程,158915,臺北市政府工務局公園路燈工程管理處,正岳營造股份有限公司,禾拓規劃設計顧問有限公司,禾拓規劃設計顧問有限公司,無
82,112,土木工程類  ,110年度一般道路更新工程開口契約（第4標）（內湖、南港區）,180779,臺北市政府工務局新建工程處,茂盛營造股份有限公司/建道工業股份有限公司,恆康工程顧問股份有限公司,安笙工程顧問有限公司,無
83,112,土木工程類  ,111年度災害搶修暨災防工程開口契約（士林、北投、中山、大同區）,61458,臺北市政府工務局新建工程處,興成營造有限公司,恆康工程顧問股份有限公司,世偉工程顧問有限公司,無
84,112,土木工程類  ,蘭興、克強公園整建改善工程,58651,臺北市政府工務局公園路燈工程管理處,廣聯營造有限公司,墣境國際規劃設計顧問有限公司,墣境國際規劃設計顧問有限公司,無
85,112,土木工程類  ,興國（中山46號）公園擴建工程,46415,臺北市政府工務局公園路燈工程管理處,金煌營造有限公司,境觀設計有限公司,境觀設計有限公司,無
86,112,土木工程類  ,111年度臺北市山坡地邊坡改善與設施維護工程,29125,臺北市政府工務局大地工程處,曜鼎營造有限公司,亞柏技術顧問股份有限公司,亞柏技術顧問股份有限公司,無
87,112,土木工程類  ,淡五號疏散門及鄰近堤壁兩側改善工程,20029,臺北市政府工務局水利工程處,川億營造有限公司,怡興工程顧問有限公司,任泰技術顧問有限公司,無
88,112,土木工程類  ,成美長壽人行陸橋設置電梯及斜坡道工程,39411,臺北市政府工務局新建工程處,合盛營造股份有限公司,恆康工程顧問股份有限公司,安笙工程顧問有限公司,無
89,112,土木工程類  ,「臺北藝術園區—臺北市立美術館擴建工程」樹木移植代辦工程,16662,臺北市政府工務局公園路燈工程管理處,卉蓁園藝有限公司,郭恆成建築師事務所,誠蓄工程顧問股份有限公司,無
90,112,土木工程類  ,111年度森林遊憩場域整建工程（指南風景區）,9850,臺北市政府工務局大地工程處,協翔營造工程股份有限公司,開巨技術顧問有限公司,開巨技術顧問有限公司,無
91,112,水利工程類  ,翡翠原水管工程,1930270,臺北自來水事業處,福清營造股份有限公司,中興工程顧問股份有限公司,臺北自來水事業處工程總隊,無
92,112,水利工程類  ,109-112年北區分管網暨支管及用戶排水設備統包工程,389756,臺北市政府工務局衛生下水道工程處,廣信工程股份有限公司,無,無,無
93,112,水利工程類  ,雙溪濕地公園暨大客車停車場興建工程,86450,臺北市政府工務局大地工程處,郁東營造有限公司,開巨技術顧問有限公司,開巨技術顧問有限公司,無
94,112,水利工程類  ,109-111年西區分支管污水管渠設施檢視修繕及延壽統包工程,113355,臺北市政府工務局衛生下水道工程處,翔益營造有限公司,大武工程顧問有限公司,桔源工程顧問有限公司,無
95,112,水利工程類  ,111年度臺北市山坡地溪溝改善及設施維護工程,30364,臺北市政府工務局大地工程處,曜鼎營造有限公司,開巨技術顧問有限公司,開巨技術顧問有限公司,無
96,112,水利工程類  ,內湖路1段91巷排水改善工程,39580,臺北市政府工務局水利工程處,諾迪股份有限公司,威旭工程顧問有限公司,威旭工程顧問有限公司,無
97,112,建築工程類  ,臺北市萬華區福星公共住宅統包工程,1271481,臺北市政府都市發展局,建國工程股份有限公司,張弘鼎建築師事務所,喻台生建築師事務所,無
98,112,建築工程類  ,代辦臺北市市場處所屬公有環南市場改建工程主體工程,6539660,臺北市政府工務局水利工程處,皇昌營造股份有限公司/中華電信股份有限公司企業客戶分公司,啟達聯合建築師事務所,啟達聯合建築師事務所,無
99,112,建築工程類  ,萬隆東營區社會福利設施用地新建工程,1424656,臺北市政府工務局新建工程處,三星營造股份有限公司/永龍企業股份有限公司,無,無,無
100,112,建築工程類  ,南門大樓暨市場改建統包工程,268570,臺北市政府工務局新建工程處,根基營造股份有限公司,九典聯合建築師事務所,華興聯合建築師事務所,中興工程顧問股份有限公司
101,112,建築工程類  ,內湖321K01停車場新建工程,946780,臺北市停車管理工程處,登山營造股份有限公司/凡中工程股份有限公司,楊天柱建築師事務所,楊天柱建築師事務所,無
102,112,建築工程類  ,110年度軍墓園區骨灰壁葬設施工程（孝區三至六排）,89391,臺北市政府工務局大地工程處,協翔營造工程股份有限公司,開巨技術顧問有限公司,開巨技術顧問有限公司,無
103,112,建築工程類  ,109年度碧山露營場管理室新建工程案,19331,臺北市政府工務局大地工程處,日光營造股份有限公司,開巨技術顧問有限公司,開巨技術顧問有限公司,無
104,112,建築工程類  ,110年度擴建中央廚房工程及設備改善工程,13288,臺北市北投區桃源國民小學,福原營造有限公司,典石聯合建築師事務所,典石聯合建築師事務所,無
105,112,設施工程類  ,迪化污水處理廠委託操作維護第六期暨設備更新—設備更新,356877,臺北市政府工務局衛生下水道工程處,山林水環境工程股份有限公司,無,式新工程顧問股份有限公司,無
106,112,設施工程類  ,萬芳、景美及奇岩抽水站機組更新暨埤腹等3座抽水站周邊設備更新工程,235410,臺北市政府工務局水利工程處,山豐營造股份有限公司,台灣世曦工程顧問股份有限公司,安笙工程顧問有限公司,無
107,113,土木工程類  ,萬大-中和-樹林線（第一期工程）CQ870區段標工程,10572730,臺北市政府捷運工程局第一區工程處,達欣工程股份有限公司,中興工程顧問股份有限公司,臺北市政府捷運工程局第一區工程處土木第三工務所/臺北市政府捷運工程局第一區工程處水電環控第二工務所/臺北市政府捷運工程局機電系統工程處電扶梯工務所,無
108,113,土木工程類  ,臺北都會區大眾捷運系統萬大─ 中和─樹林線（第一期工程）CQ850區段標工程,4256429,臺北市政府捷運工程局第二區工程處,榮工工程股份有限公司,中興工程顧問股份有限公司,臺北市政府捷運工程局第二區工程處土木第五工務所/臺北市政府捷運工程局第二區工程處水電環控第一工務所,無
109,113,土木工程類  ,中正橋改建工程及代辦管線附掛工程,2594730,臺北市政府工務局新建工程處,春原營造股份有限公司,台灣世曦工程顧問股份有限公司,台灣世曦工程顧問股份有限公司,無
110,113,土木工程類  ,南港立體連通平臺及其附屬綠化設施統包工程,467286,臺北市政府工務局新建工程處,安倉營造股份有限公司,無,林同棪工程顧問股份有限公司,林同棪工程顧問股份有限公司
111,113,土木工程類  ,常德街人行地下道連通工程,427606,臺北市政府工務局新建工程處,福清營造股份有限公司,恆康工程顧問股份有限公司,恆康工程顧問股份有限公司,無
112,113,土木工程類  ,忠孝東路4段地下通廊連通口新建工程,372078,臺北市政府工務局新建工程處,翔益營造有限公司,恆康工程顧問股份有限公司,恆康工程顧問股份有限公司,無
113,113,土木工程類  ,112年度臺北市人行道改善工程開口契約（第四標）,148764,臺北市政府工務局新建工程處,金煌營造有限公司,恆康工程顧問股份有限公司,安笙工程顧問有限公司,無
114,113,土木工程類  ,112年度寬度8公尺以下道路更新及附屬設施改善工程開口契約（第4標）（內湖、南港區）,123180,臺北市政府工務局新建工程處,磐碩營造股份有限公司,無,群亞工程顧問有限公司,無
115,113,土木工程類  ,112年度寬度8公尺以下道路更新及附屬設施改善工程開口契約（第3標）（中正、萬華區）,111350,臺北市政府工務局新建工程處,興成營造有限公司,無,盛禹工程顧問有限公司,無
116,113,土木工程類  ,112年度道路預約式契約維護修繕工程第5標,83600,臺北市政府工務局新建工程處,聖東營造股份有限公司,無,鹿島工程技術顧問股份有限公司,無
117,113,土木工程類  ,捷運綠廊串連人行動線（士林劍潭站）更新工程,68418,臺北市政府工務局公園路燈工程管理處,安宏營造有限公司,境觀設計有限公司,境觀設計有限公司,無
118,113,土木工程類  ,文化、豐年及同德公園景觀改善工程,53725,臺北市政府工務局公園路燈工程管理處,鋐城營造有限公司,宜大國際景觀科技股份有限公司,宜大國際景觀科技股份有限公司,無
119,113,土木工程類  ,112年度登山步道周邊改善工程,32342,臺北市政府工務局大地工程處,富士山營造有限公司,亞柏技術顧問股份有限公司,亞柏技術顧問股份有限公司,無
120,113,土木工程類  ,112年東區污水管渠配合拆遷及後巷美化預約式工程,30700,臺北市政府工務局衛生下水道工程處,廣信工程股份有限公司,臺北市政府工務局衛生下水道工程處維護工程科,群亞工程顧問有限公司,無
121,113,土木工程類  ,111年度臺北市山坡地農業環境改善工程,30033,臺北市政府工務局大地工程處,台正營造有限公司,開巨技術顧問有限公司,開巨技術顧問有限公司,無
122,113,土木工程類  ,112年度臺北市山坡地邊坡改善與設施維護工程,29271,臺北市政府工務局大地工程處,競捷營造股份有限公司,亞柏技術顧問股份有限公司,亞柏技術顧問股份有限公司,無
123,113,土木工程類  ,112年度森林遊憩場域整建工程,27055,臺北市政府工務局大地工程處,金永發營造有限公司,開巨技術顧問有限公司,開巨技術顧問有限公司,無
124,113,土木工程類  ,111年度彩虹河濱公園輪狀車練習場新建工程,18628,臺北市政府工務局水利工程處,安宏營造有限公司,怡興工程顧問有限公司,威旭工程顧問有限公司,無
125,113,土木工程類  ,永昌（中正184號）公園擴建工程,17037,臺北市政府工務局公園路燈工程管理處,正岳營造股份有限公司,墣境國際規劃設計顧問有限公司,墣境國際規劃設計顧問有限公司,無
126,113,水利工程類  ,一清幹線（中、永和成功路PCCP）備援幹管統包工程,785403,臺北自來水事業處,豐順營造股份有限公司,中興工程顧問股份有限公司/集美工程顧問股份有限公司,臺北自來水事業處工程總隊,無
127,113,水利工程類  ,磺溪水岸復舊暨景觀營造工程,59815,臺北市政府工務局大地工程處,協翔營造工程股份有限公司,麒昌工程顧問股份有限公司,麒昌工程顧問股份有限公司,無
128,113,水利工程類  ,臺北市第2期污水下水道主、次幹管管渠延壽統包工程（第2標）,45530,臺北市政府工務局衛生下水道工程處,品昱營造工程股份有限公司,無,無,無
129,113,水利工程類  ,貴子坑溪及水磨坑溪整體改善工程（上游示範段）,42734,臺北市政府工務局水利工程處,久勝營造有限公司,開巨技術顧問有限公司,開巨技術顧問有限公司,無
130,113,水利工程類  ,112年度臺北市山坡地溪溝改善及設施維護工程,28301,臺北市政府工務局大地工程處,亞東營造股份有限公司,亞柏技術顧問股份有限公司,亞柏技術顧問股份有限公司,無
131,113,水利工程類  ,112-113年不斷水連絡及制水閥增設工程,14489,臺北自來水事業處,碧城興業股份有限公司,臺北自來水事業處,臺北自來水事業處,無
132,113,建築工程類  ,振華公園附建地下停車場新建工程,1149490,臺北市停車管理工程處,世久營造探勘工程股份有限公司,台灣世曦工程顧問股份有限公司/宋哲賓建築師事務所,台灣世曦工程顧問股份有限公司/宋哲賓建築師事務所,
133,113,建築工程類  ,臺北市南港區經貿段社會住宅新建工程,750850,臺北市政府工務局新建工程處,統營營造股份有限公司/特欣機電股份有限公司/梵昆冷氣有限公司,闕河彬建築師事務所,闕河彬建築師事務所,無
134,113,建築工程類  ,臺北市立內湖國民中學綜合大樓新建工程,561000,臺北市政府工務局新建工程處,宏義工程股份有限公司/品智工程有限公司/兆慶空調有限公司,邱永章建築師事務所,邱永章建築師事務所,無
135,113,建築工程類  ,北一女中光復樓古蹟修復及再利用工程,150916,臺北市立第一女子高級中學,鋼成營造股份有限公司,何黛雯建築師事務所,何黛雯建築師事務所,無
136,113,設施工程類  ,內湖污水處理廠委託操作維護第二期暨設備更新與功能提升-設備更新,246993,臺北市政府工務局衛生下水道工程處,惠民實業股份有限公司,式新工程顧問股份有限公司,宇堂工程顧問有限公司,無
137,113,設施工程類  ,文林抽水站機組擴建工程,48702,臺北市政府工務局水利工程處,山豐營造股份有限公司,台灣世曦工程顧問股份有限公司,連昇工程技術顧問有限公司,無
138,114,土木工程類  ,萬大－中和－樹林線（第一期工程）LG06車站土建工程,2327652,臺北市政府捷運工程局第一區工程處,新亞建設開發股份有限公司,台灣世曦工程顧問股份有限公司,臺北市政府捷運工程局第一區工程處土木第九工務所,無
139,114,土木工程類  ,民權大橋跨河段上部結構改建統包工程,1455782,臺北市政府工務局新建工程處,春原營造股份有限公司,華光工程顧問股份有限公司,建業工程顧問有限公司,建業工程顧問有限公司
140,114,土木工程類  ,捷運北投會館周邊(大業路527巷)環境整體改造計畫,123650,臺北市政府工務局公園路燈工程管理處,上溢營造股份有限公司,大凡整合規劃設計有限公司,大凡整合規劃設計有限公司,無
141,114,土木工程類  ,跨越大坑溪自行車道興建工程,103880,臺北市政府工務局新建工程處,稻田營造有限公司,無,安笙工程顧問有限公司,無
142,114,土木工程類  ,113年度專案路面及附屬設施更新工程(第2標)(松山、信義區),97747,臺北市政府工務局新建工程處,祥泉營造有限公司/三峽瀝青股份有限公司,亞柏技術顧問股份有限公司,安笙工程顧問有限公司,無
143,114,土木工程類  ,112年度全市橋涵美化及鋼構油漆維護工程開口契約（第2標）（內湖、南港、松山、信義區）,97000,臺北市政府工務局新建工程處,福呈營造股份有限公司,和建工程顧問股份有限公司,安笙工程顧問有限公司,無
144,114,土木工程類  ,瑠公綠廊人行環境改造工程,69081,臺北市政府工務局新建工程處,稻田營造有限公司,台灣世曦工程顧問股份有限公司,盛禹工程顧問有限公司,無
145,114,土木工程類  ,113年度北區行道樹修剪預約工程,45753,臺北市政府工務局公園路燈工程管理處,東昕環境工程有限公司,臺北市政府工務局公園路燈工程管理處園藝工程隊,晨星工程技術顧問有限公司,無
146,114,土木工程類  ,大安區師大路(自羅斯福路三段至和平東路一段)人行環境改善工程,36532,臺北市政府工務局新建工程處,圓利營造股份有限公司,亞柏技術顧問股份有限公司,盛禹工程顧問有限公司,無
147,114,土木工程類  ,113年分管網暨支管及用戶排水設備統包工程,34297,臺北市政府工務局衛生下水道工程處,廣信工程股份有限公司,鎧德工程顧問股份有限公司,無,無
148,114,土木工程類  ,112年度山坡地遊憩場域及山區道路(中山區)維護預約式工程(113年續約),32834,臺北市政府工務局大地工程處,台正營造有限公司,智全工程技術顧問有限公司,智全工程技術顧問有限公司,無
149,114,土木工程類  ,113年西區污水管渠配合拆遷及後巷美化預約式工程,32000,臺北市政府工務局衛生下水道工程處,啟揚環境有限公司,無,鎧德工程顧問股份有限公司,無
150,114,土木工程類  ,113年度臺北市登山步道改善及維護工程,29400,臺北市政府工務局大地工程處,曜鼎營造有限公司,亞柏技術顧問股份有限公司,亞柏技術顧問股份有限公司,無
151,114,土木工程類  ,113年度臺北市山坡地邊坡改善與設施維護工程,27458,臺北市政府工務局大地工程處,曜鼎營造有限公司,亞柏技術顧問股份有限公司,亞柏技術顧問股份有限公司,無
152,114,土木工程類  ,113年度景觀公廁新建工程(A項),26914,臺北市政府工務局公園路燈工程管理處,淞楊營造有限公司,戴立勤建築師事務所,戴立勤建築師事務所,無
153,114,土木工程類  ,基6疏散門牽引道改善工程,15407,臺北市政府工務局水利工程處,川億營造有限公司,陳荊洲建築師事務所,晨星工程技術顧問有限公司,無
154,114,土木工程類  ,北士科周邊景觀廊道建置工程,12682,臺北市政府工務局公園路燈工程管理處,竺園景觀設計有限公司,豫青設計有限公司,豫青設計有限公司,無
155,114,水利工程類  ,景美溪及指南溪匯流口護岸再造工程,95118,臺北市政府工務局水利工程處,安宏營造有限公司,經典工程顧問有限公司,威旭工程顧問有限公司,無
156,114,水利工程類  ,提升接管率偏低區里暨環保局列管抽肥用戶污水接管統包工程（東南區）,84937,臺北市政府工務局衛生下水道工程處,廣信工程股份有限公司,鎧德工程顧問股份有限公司,群亞工程顧問有限公司,無
157,114,水利工程類  ,青潭原水管遷移統包工程,67000,臺北自來水事業處,碧城興業股份有限公司,集美工程顧問股份有限公司,臺北自來水事業處工程總隊,無
158,114,水利工程類  ,112年度軍墓園區水土保持設施工程,64522,臺北市政府工務局大地工程處,協翔營造工程股份有限公司,無,銘美工程技術顧問有限公司,無
159,114,水利工程類  ,113年污水管渠檢視修繕及延壽統包工程(第2標),61660,臺北市政府工務局衛生下水道工程處,諾迪股份有限公司,無,桔源工程顧問有限公司,無
160,114,水利工程類  ,舊貴子坑溪下游環境暨排水改善工程,32795,臺北市政府工務局水利工程處,上溢營造股份有限公司,開巨技術顧問有限公司,開巨技術顧問有限公司,無
161,114,水利工程類  ,牛稠坑溪下游整體環境營造工程,13684,臺北市政府工務局大地工程處,台正營造有限公司,開巨技術顧問有限公司,開巨技術顧問有限公司,無
162,114,建築工程類  ,臺北市中山區錦州街基地公共住宅新建工程,2211082,臺北市政府工務局新建工程處,統營營造股份有限公司/特欣機電股份有限公司,無,闕河彬建築師事務所,無
163,114,建築工程類  ,臺北市立大安國中綜合教學大樓新建工程,1192708,臺北市政府工務局新建工程處,遠碩營造股份有限公司/遠碩機電工程股份有限公司/台灣歐鍀空調股份有限公司,高世銘建築師事務所,高世銘建築師事務所,無
164,114,建築工程類  ,科技大樓站停車場新建工程,829614,臺北市停車管理工程處,登山營造股份有限公司/凡中工程股份有限公司,楊天柱建築師事務所,楊天柱建築師事務所,無
165,114,設施工程類  ,青潭堰閘門更新等工程,179500,臺北自來水事業處,三源興股份有限公司,中興工程顧問股份有限公司,中興工程顧問股份有限公司,無
166,114,設施工程類  ,112-114年西區分支管污水管渠設施檢視修繕及延壽統包工程,170096,臺北市政府工務局衛生下水道工程處,神緯營造有限公司,無,桔源工程顧問有限公司,無
167,114,設施工程類  ,113年度全市抽水站附屬設備維護更新工程（第1標）,35680,臺北市政府工務局水利工程處,九品股份有限公司,連昇工程技術顧問有限公司,連昇工程技術顧問有限公司,無
