縣市,縣市代碼,機關代碼,登錄號碼,經紀業名稱
臺北市,63000,379700000A,A1-0001,新聯陽實業股份有限公司
臺北市,63000,379700000A,A1-0007,宜樺開發建設股份有限公司
臺北市,63000,379700000A,A1-0015,強源不動產仲介經紀有限公司
臺北市,63000,379700000A,A1-0022,大師國際不動產股份有限公司
臺北市,63000,379700000A,A1-0027,住友不動產管理顧問股份有限公司
臺北市,63000,379700000A,A1-0030,傳真實業股份有限公司
臺北市,63000,379700000A,A1-0032,傳美廣告股份有限公司
臺北市,63000,379700000A,A1-0033,力霸不動產投資顧問股份有限公司
臺北市,63000,379700000A,A1-0036,信義房屋股份有限公司
臺北市,63000,379700000A,A1-0041,謹穩有限公司
臺北市,63000,379700000A,A1-0049,甲山林房屋仲介股份有限公司
臺北市,63000,379700000A,A1-0051,瑞普國際物業股份有限公司
臺北市,63000,379700000A,A1-0055,永福房地產買賣仲介社
臺北市,63000,379700000A,A1-0066,芳鄰廣告股份有限公司
臺北市,63000,379700000A,A1-0080,海悅廣告股份有限公司
臺北市,63000,379700000A,A1-0088,誠忠不動產仲介經紀有限公司
臺北市,63000,379700000A,A1-0092,太平洋房屋仲介股份有限公司
臺北市,63000,379700000A,A1-0100,甲桂林廣告股份有限公司
臺北市,63000,379700000A,A1-0106,南港不動產有限公司
臺北市,63000,379700000A,A1-0111,興新不動產經紀股份有限公司
臺北市,63000,379700000A,A1-0117,仲晨實業有限公司
臺北市,63000,379700000A,A1-0119,祥和國際地產有限公司
臺北市,63000,379700000A,A1-0122,合家歡不動產仲介經紀有限公司
臺北市,63000,379700000A,A1-0124,日朋房屋仲介有限公司
臺北市,63000,379700000A,A1-0130,日日昇不動產仲介經紀有限公司
臺北市,63000,379700000A,A1-0132,泰和不動產仲介經紀有限公司
臺北市,63000,379700000A,A1-0133,宅通不動產經紀有限公司
臺北市,63000,379700000A,A1-0154,柏林不動產仲介經紀有限公司
臺北市,63000,379700000A,A1-0156,英屬維京群島商世宏不動產(有)台灣分公司
臺北市,63000,379700000A,A1-0167,永福不動產仲介經紀有限公司
臺北市,63000,379700000A,A1-0173,甲桂林不動產代銷經紀股份有限公司
臺北市,63000,379700000A,A1-0191,遠雄房地產發展股份有限公司
臺北市,63000,379700000A,A1-0193,張媽媽租屋專業服務有限公司
臺北市,63000,379700000A,A1-0199,永久地產顧問有限公司
臺北市,63000,379700000A,A1-0205,雙和不動產仲介經紀有限公司
臺北市,63000,379700000A,A1-0213,聯頡廣告事業有限公司
臺北市,63000,379700000A,A1-0216,安泰不動產股份有限公司
臺北市,63000,379700000A,A1-0219,樹雅企業有限公司
臺北市,63000,379700000A,A1-0220,甲山林廣告股份有限公司
臺北市,63000,379700000A,A1-0221,摩恩不動產仲介經紀有限公司
臺北市,63000,379700000A,A1-0223,東森京瑑股份有限公司
臺北市,63000,379700000A,A1-0225,欣鼎陽建設股份有限公司
臺北市,63000,379700000A,A1-0226,恆暘實業有限公司
臺北市,63000,379700000A,A1-0228,傑森愛華國際物業顧問行
臺北市,63000,379700000A,A1-0234,上品國際不動產經紀有限公司
臺北市,63000,379700000A,A1-0235,香港商世邦魏理仕有限公司台灣分公司
臺北市,63000,379700000A,A1-0241,永慶房屋仲介股份有限公司
臺北市,63000,379700000A,A1-0247,中信房屋仲介股份有限公司
臺北市,63000,379700000A,A1-0248,海豚房屋仲介有限公司
臺北市,63000,379700000A,A1-0263,仲量聯行股份有限公司
臺北市,63000,379700000A,A1-0270,喬大地產開發股份有限公司
臺北市,63000,379700000A,A1-0271,松田房屋仲介有限公司
臺北市,63000,379700000A,A1-0278,香港商戴德梁行不動產投資顧問有限公司台灣分公司
臺北市,63000,379700000A,A1-0279,將盟房屋仲介股份有限公司
臺北市,63000,379700000A,A1-0280,普森房屋仲介事業有限公司
臺北市,63000,379700000A,A1-0283,興聯盟廣告有限公司
臺北市,63000,379700000A,A1-0284,萬甲房屋仲介商行
臺北市,63000,379700000A,A1-0288,興格房屋仲介有限公司
臺北市,63000,379700000A,A1-0300,鴻運通股份有限公司
臺北市,63000,379700000A,A1-0301,亨家房屋仲介有限公司
臺北市,63000,379700000A,A1-0306,明湖不動產仲介經紀有限公司
臺北市,63000,379700000A,A1-0310,威德房屋仲介有限公司
臺北市,63000,379700000A,A1-0314,住商實業股份有限公司
臺北市,63000,379700000A,A1-0316,盛家昌興業有限公司
臺北市,63000,379700000A,A1-0317,萬得福不動產仲介經紀有限公司
臺北市,63000,379700000A,A1-0319,詮誠房屋仲介有限公司
臺北市,63000,379700000A,A1-0323,都市房屋仲介有限公司
臺北市,63000,379700000A,A1-0324,棨焌有限公司
臺北市,63000,379700000A,A1-0328,住信房屋仲介股份有限公司
臺北市,63000,379700000A,A1-0334,超營實業有限公司
臺北市,63000,379700000A,A1-0336,誠泰國際地產有限公司
臺北市,63000,379700000A,A1-0337,東隆房屋仲介有限公司
臺北市,63000,379700000A,A1-0338,十大不動產股份有限公司
臺北市,63000,379700000A,A1-0341,億來房屋仲介有限公司
臺北市,63000,379700000A,A1-0347,加盟房屋仲介有限公司
臺北市,63000,379700000A,A1-0350,內湖房屋仲介有限公司
臺北市,63000,379700000A,A1-0353,英屬維爾京群島商高力國際股份有限公司
臺北市,63000,379700000A,A1-0354,惠眾不動產仲介經紀股份有限公司
臺北市,63000,379700000A,A1-0359,橋都建設股份有限公司
臺北市,63000,379700000A,A1-0361,好厝多不動產經紀股份有限公司
臺北市,63000,379700000A,A1-0367,巨都房屋仲介有限公司
臺北市,63000,379700000A,A1-0370,全國不動產經紀股份有限公司
臺北市,63000,379700000A,A1-0371,僑茂房屋仲介股份有限公司
臺北市,63000,379700000A,A1-0384,新富房屋仲介有限公司
臺北市,63000,379700000A,A1-0386,德安不動產經紀有限公司
臺北市,63000,379700000A,A1-0390,現代物業經紀股份有限公司
臺北市,63000,379700000A,A1-0395,至善房屋仲介有限公司
臺北市,63000,379700000A,A1-0400,東家房屋仲介有限公司
臺北市,63000,379700000A,A1-0408,旺鴻不動產仲介經紀股份有限公司
臺北市,63000,379700000A,A1-0410,北吉房屋仲介有限公司
臺北市,63000,379700000A,A1-0412,偉信不動產經紀有限公司
臺北市,63000,379700000A,A1-0413,玉鼎房屋仲介有限公司
臺北市,63000,379700000A,A1-0415,築巢全球事業有限公司
臺北市,63000,379700000A,A1-0421,吉星商業有限公司
臺北市,63000,379700000A,A1-0423,宏和不動產仲介經紀有限公司
臺北市,63000,379700000A,A1-0428,金牌房屋仲介有限公司
臺北市,63000,379700000A,A1-0434,宏冠不動產仲介經紀有限公司
臺北市,63000,379700000A,A1-0444,三多房屋仲介有限公司
臺北市,63000,379700000A,A1-0447,忠三有限公司
臺北市,63000,379700000A,A1-0450,傑士房屋仲介有限公司
臺北市,63000,379700000A,A1-0452,寬頻房訊科技股份有限公司
臺北市,63000,379700000A,A1-0455,華元不動產有限公司
臺北市,63000,379700000A,A1-0468,百分百不動產經紀股份有限公司
臺北市,63000,379700000A,A1-0470,維邦國際商用不動產顧問有限公司
臺北市,63000,379700000A,A1-0472,大曜房屋仲介企業股份有限公司
臺北市,63000,379700000A,A1-0473,福聚房屋仲介有限公司
臺北市,63000,379700000A,A1-0475,達順房屋仲介行
臺北市,63000,379700000A,A1-0482,逸品房屋仲介有限公司
臺北市,63000,379700000A,A1-0485,福圓全球房地產股份有限公司
臺北市,63000,379700000A,A1-0486,四通房屋仲介有限公司
臺北市,63000,379700000A,A1-0489,金鼎揚廣告有限公司
臺北市,63000,379700000A,A1-0499,百事新亞房屋有限公司
臺北市,63000,379700000A,A1-0502,鴻毅服務股份有限公司
臺北市,63000,379700000A,A1-0503,台灣世達志不動產顧問股份有限公司
臺北市,63000,379700000A,A1-0507,力揚不動產仲介有限公司
臺北市,63000,379700000A,A1-0510,高機不動產有限公司
臺北市,63000,379700000A,A1-0518,亞細亞不動產股份有限公司
臺北市,63000,379700000A,A1-0526,松華不動產仲介經紀股份有限公司
臺北市,63000,379700000A,A1-0533,源慧廣告股份有限公司
臺北市,63000,379700000A,A1-0541,璞全廣告股份有限公司
臺北市,63000,379700000A,A1-0543,知見不動產仲介經紀股份有限公司
臺北市,63000,379700000A,A1-0546,宋利文不動產經紀有限公司
臺北市,63000,379700000A,A1-0548,文林不動產經紀有限公司
臺北市,63000,379700000A,A1-0552,鳳梨國際開發股份有限公司
臺北市,63000,379700000A,A1-0560,寶吉祥有限公司
臺北市,63000,379700000A,A1-0574,潤泰創新國際股份有限公司
臺北市,63000,379700000A,A1-0582,長拓不動產投資股份有限公司
臺北市,63000,379700000A,A1-0587,日僑房屋仲介有限公司
臺北市,63000,379700000A,A1-0591,啟源國際實業有限公司
臺北市,63000,379700000A,A1-0592,美齊開發有限公司
臺北市,63000,379700000A,A1-0593,翔瑞不動產仲介經紀有限公司
臺北市,63000,379700000A,A1-0594,欣元不動產仲介經紀有限公司
臺北市,63000,379700000A,A1-0600,龍屋不動產仲介經紀商行
臺北市,63000,379700000A,A1-0609,裕達房屋仲介有限公司
臺北市,63000,379700000A,A1-0611,碁泰管理顧問股份有限公司
臺北市,63000,379700000A,A1-0618,互謚房屋仲介股份有限公司
臺北市,63000,379700000A,A1-0619,大建不動產股份有限公司
臺北市,63000,379700000A,A1-0628,匯豐地產開發股份有限公司
臺北市,63000,379700000A,A1-0632,高仕不動產科技股份有限公司
臺北市,63000,379700000A,A1-0635,統一不動產開發有限公司
臺北市,63000,379700000A,A1-0636,忠泰房屋仲介股份有限公司
臺北市,63000,379700000A,A1-0639,蓮花國際廣告行銷股份有限公司
臺北市,63000,379700000A,A1-0650,中庭不動產仲介經紀有限公司
臺北市,63000,379700000A,A1-0657,威利不動產仲介經紀有限公司
臺北市,63000,379700000A,A1-0673,華瑞峰股份有限公司
臺北市,63000,379700000A,A1-0678,司貝斯特不動產投資顧問有限公司
臺北市,63000,379700000A,A1-0681,三通不動產有限公司
臺北市,63000,379700000A,A1-0706,勤實佳房屋仲介行股份有限公司
臺北市,63000,379700000A,A1-0710,海嘉廣告股份有限公司
臺北市,63000,379700000A,A1-0723,以馬內利房屋仲介有限公司
臺北市,63000,379700000A,A1-0730,瑞光不動產有限公司
臺北市,63000,379700000A,A1-0731,天母星不動產有限公司
臺北市,63000,379700000A,A1-0739,聯輝不動產仲介經紀有限公司
臺北市,63000,379700000A,A1-0744,當代國際資產管理有限公司
臺北市,63000,379700000A,A1-0750,雙城不動產有限公司
臺北市,63000,379700000A,A1-0762,華宇不動產有限公司
臺北市,63000,379700000A,A1-0763,鼎發房屋仲介有限公司
臺北市,63000,379700000A,A1-0773,佶德利廣告有限公司
臺北市,63000,379700000A,A1-0779,三木不動產開發有限公司
臺北市,63000,379700000A,A1-0780,台暘開發有限公司
臺北市,63000,379700000A,A1-0790,易而安不動產仲介經紀股份有限公司
臺北市,63000,379700000A,A1-0809,啟碁不動產開發有限公司
臺北市,63000,379700000A,A1-0812,大彎土地開發有限公司
臺北市,63000,379700000A,A1-0816,地利富達不動產顧問股份有限公司
臺北市,63000,379700000A,A1-0817,城市物業股份有限公司
臺北市,63000,379700000A,A1-0819,貴鳳不動產經紀有限公司
臺北市,63000,379700000A,A1-0821,池旭有限公司
臺北市,63000,379700000A,A1-0824,永曜廣告有限公司
臺北市,63000,379700000A,A1-0832,住商資產管理股份有限公司
臺北市,63000,379700000A,A1-0834,家園不動產股份有限公司 
臺北市,63000,379700000A,A1-0868,新的房屋仲介有限公司
臺北市,63000,379700000A,A1-0872,威肯國際企業有限公司
臺北市,63000,379700000A,A1-0876,梁茂廣告有限公司
臺北市,63000,379700000A,A1-0879,我家不動產有限公司
臺北市,63000,379700000A,A1-0893,光合行銷股份有限公司
臺北市,63000,379700000A,A1-0896,城鄉物業管理顧問有限公司
臺北市,63000,379700000A,A1-0897,創意家行銷股份有限公司
臺北市,63000,379700000A,A1-0902,統一房屋介紹有限公司
臺北市,63000,379700000A,A1-0912,京睿地產有限公司
臺北市,63000,379700000A,A1-0922,城中房屋仲介有限公司
臺北市,63000,379700000A,A1-0931,傑盟不動產經紀有限公司
臺北市,63000,379700000A,A1-0955,大地主不動產經紀有限公司
臺北市,63000,379700000A,A1-0966,倍立企業有限公司
臺北市,63000,379700000A,A1-0967,吉祥不動產股份有限公司
臺北市,63000,379700000A,A1-0969,昇昱不動產股份有限公司
臺北市,63000,379700000A,A1-0970,大漢秋風不動產經紀有限公司
臺北市,63000,379700000A,A1-0976,安家不動產顧問有限公司
臺北市,63000,379700000A,A1-0978,海悅開發股份有限公司
臺北市,63000,379700000A,A1-0981,美得商用不動產顧問有限公司
臺北市,63000,379700000A,A1-0986,良信不動產經紀有限公司
臺北市,63000,379700000A,A1-0991,富地不動產仲介經紀有限公司
臺北市,63000,379700000A,A1-0996,和成物業管理有限公司
臺北市,63000,379700000A,A1-1009,鼎睿房屋仲介股份有限公司
臺北市,63000,379700000A,A1-1015,亞太商仲開發有限公司
臺北市,63000,379700000A,A1-1018,崧誠不動產仲介有限公司
臺北市,63000,379700000A,A1-1024,慕樺廣告股份有限公司
臺北市,63000,379700000A,A1-1025,?贏不動產股份有限公司
臺北市,63000,379700000A,A1-1028,霞飛廣告股份有限公司
臺北市,63000,379700000A,A1-1034,惠民資產管理有限公司
臺北市,63000,379700000A,A1-1042,喬登開發顧問股份有限公司
臺北市,63000,379700000A,A1-1045,慧誠不動產仲介經紀有限公司
臺北市,63000,379700000A,A1-1047,財富開發有限公司
臺北市,63000,379700000A,A1-1059,瑞浩資產股份有限公司
臺北市,63000,379700000A,A1-1087,銓茂不動產開發有限公司
臺北市,63000,379700000A,A1-1092,貝捷有限公司
臺北市,63000,379700000A,A1-1098,樸園廣告股份有限公司
臺北市,63000,379700000A,A1-1105,益智實業有限公司
臺北市,63000,379700000A,A1-1107,喬誠房屋仲介股份有限公司
臺北市,63000,379700000A,A1-1121,宇赫不動產經紀有限公司
臺北市,63000,379700000A,A1-1124,元璞廣告股份有限公司
臺北市,63000,379700000A,A1-1125,海樺廣告股份有限公司
臺北市,63000,379700000A,A1-1128,昕傳廣告股份有限公司
臺北市,63000,379700000A,A1-1132,好漾廣告股份有限公司
臺北市,63000,379700000A,A1-1142,中業房屋仲介有限公司
臺北市,63000,379700000A,A1-1143,買屋知識家股份有限公司
臺北市,63000,379700000A,A1-1146,第一太平戴維斯股份有限公司
臺北市,63000,379700000A,A1-1147,兆德國際開發有限公司
臺北市,63000,379700000A,A1-1161,天順祥不動產仲介經紀有限公司
臺北市,63000,379700000A,A1-1163,昇禾不動產仲介經紀有限公司
臺北市,63000,379700000A,A1-1176,建發實業有限公司
臺北市,63000,379700000A,A1-1179,仲立房屋仲介有限公司
臺北市,63000,379700000A,A1-1182,太鼎不動產仲介經紀有限公司
臺北市,63000,379700000A,A1-1191,樸群廣告股份有限公司
臺北市,63000,379700000A,A1-1237,松高房屋仲介有限公司
臺北市,63000,379700000A,A1-1240,大成就物業有限公司
臺北市,63000,379700000A,A1-1252,環語資產股份有限公司
臺北市,63000,379700000A,A1-1255,新悅廣告股份有限公司
臺北市,63000,379700000A,A1-1259,仲成不動產經紀有限公司
臺北市,63000,379700000A,A1-1264,昌亞不動產股份有限公司
臺北市,63000,379700000A,A1-1270,柏鴻土地開發建設股份有限公司
臺北市,63000,379700000A,A1-1279,聯禾國際企業有限公司(台北市)
臺北市,63000,379700000A,A1-1292,泰基開發股份有限公司
臺北市,63000,379700000A,A1-1298,住邦佳士得資產管理有限公司
臺北市,63000,379700000A,A1-1299,世衡資產管理顧問股份有限公司
臺北市,63000,379700000A,A1-1315,鼎昌物業開發股份有限公司
臺北市,63000,379700000A,A1-1317,聯合房仲不動產經紀有限公司
臺北市,63000,379700000A,A1-1331,自由房屋仲介有限公司
臺北市,63000,379700000A,A1-1335,傳捷廣告股份有限公司
臺北市,63000,379700000A,A1-1342,家宏不動產仲介經紀有限公司
臺北市,63000,379700000A,A1-1355,順永興廣告有限公司
臺北市,63000,379700000A,A1-1363,聯同不動產仲介經紀有限公司
臺北市,63000,379700000A,A1-1368,達程廣告股份有限公司
臺北市,63000,379700000A,A1-1369,達爾文國際行銷有限公司
臺北市,63000,379700000A,A1-1371,吳氏國際地產投資顧問有限公司
臺北市,63000,379700000A,A1-1374,築地不動產經紀股份有限公司
臺北市,63000,379700000A,A1-1376,富豪國際資產管理有限公司
臺北市,63000,379700000A,A1-1383,世邦不動產股份有限公司
臺北市,63000,379700000A,A1-1391,標柱房屋仲介股份有限公司
臺北市,63000,379700000A,A1-1392,美商中原聯行股份有限公司台灣分公司
臺北市,63000,379700000A,A1-1408,翰程地產事業股份有限公司
臺北市,63000,379700000A,A1-1415,晶莊房屋仲介有限公司
臺北市,63000,379700000A,A1-1416,松禾不動產股份有限公司
臺北市,63000,379700000A,A1-1420,翔企有限公司
臺北市,63000,379700000A,A1-1425,好厝多多不動產經紀有限公司
臺北市,63000,379700000A,A1-1428,上品不動產有限公司
臺北市,63000,379700000A,A1-1434,金諦不動產仲介經紀有限公司
臺北市,63000,379700000A,A1-1435,旺達開發股份有限公司
臺北市,63000,379700000A,A1-1441,台灣房屋仲介股份有限公司
臺北市,63000,379700000A,A1-1442,華亞國際物業有限公司
臺北市,63000,379700000A,A1-1446,璞石開發股份有限公司
臺北市,63000,379700000A,A1-1463,巨東不動產投資顧問股份有限公司
臺北市,63000,379700000A,A1-1473,基石廣告事業股份有限公司
臺北市,63000,379700000A,A1-1474,大中廣告有限公司
臺北市,63000,379700000A,A1-1475,誠品房屋仲介有限公司
臺北市,63000,379700000A,A1-1484,泛亞房屋仲介有限公司
臺北市,63000,379700000A,A1-1485,華林不動產仲介經紀有限公司
臺北市,63000,379700000A,A1-1488,新富地產股份有限公司
臺北市,63000,379700000A,A1-1490,上居資產管理開發有限公司
臺北市,63000,379700000A,A1-1499,宇陽地產實業股份有限公司
臺北市,63000,379700000A,A1-1503,千盛家廣告實業有限公司
臺北市,63000,379700000A,A1-1505,凌群不動產管理顧問有限公司
臺北市,63000,379700000A,A1-1519,得寶不動產有限公司
臺北市,63000,379700000A,A1-1524,超營廣告有限公司
臺北市,63000,379700000A,A1-1525,頂新不動產有限公司
臺北市,63000,379700000A,A1-1534,全球國際物業有限公司
臺北市,63000,379700000A,A1-1543,京站管理顧問有限公司
臺北市,63000,379700000A,A1-1545,新觀念資產管理顧問股份有限公司
臺北市,63000,379700000A,A1-1546,元宏開發顧問股份有限公司
臺北市,63000,379700000A,A1-1552,喜多田房屋仲介有限公司
臺北市,63000,379700000A,A1-1556,安心開發不動產仲介有限公司
臺北市,63000,379700000A,A1-1564,海悅地產開發股份有限公司
臺北市,63000,379700000A,A1-1567,信義全球資產管理股份有限公司
臺北市,63000,379700000A,A1-1568,新聯昌廣告股份有限公司
臺北市,63000,379700000A,A1-1569,新聯祥廣告股份有限公司
臺北市,63000,379700000A,A1-1578,新北市不動產股份有限公司
臺北市,63000,379700000A,A1-1579,晶鑽房屋仲介股份有限公司
臺北市,63000,379700000A,A1-1582,興富金不動產仲介有限公司
臺北市,63000,379700000A,A1-1583,金磚動力行銷股份有限公司
臺北市,63000,379700000A,A1-1587,廣耀地產有限公司
臺北市,63000,379700000A,A1-1598,亞洲美林有限公司
臺北市,63000,379700000A,A1-1607,大美廣告股份有限公司
臺北市,63000,379700000A,A1-1609,乙升廣告事業有限公司
臺北市,63000,379700000A,A1-1612,明煜不動產經紀股份有限公司
臺北市,63000,379700000A,A1-1623,聯業股份有限公司
臺北市,63000,379700000A,A1-1636,福斯地產股份有限公司
臺北市,63000,379700000A,A1-1638,九天資產管理股份有限公司
臺北市,63000,379700000A,A1-1641,小蜜蜂不動產仲介經紀有限公司
臺北市,63000,379700000A,A1-1642,森博不動產經紀股份有限公司
臺北市,63000,379700000A,A1-1645,匯禾不動產仲介經紀有限公司
臺北市,63000,379700000A,A1-1650,百強不動產仲介經紀有限公司
臺北市,63000,379700000A,A1-1663,三宅開發不動產仲介有限公司
臺北市,63000,379700000A,A1-1672,法拉麗房屋仲介有限公司
臺北市,63000,379700000A,A1-1676,旭泰廣告股份有限公司
臺北市,63000,379700000A,A1-1685,安井房屋仲介有限公司
臺北市,63000,379700000A,A1-1690,皇冠不動產有限公司
臺北市,63000,379700000A,A1-1691,領袖不動產仲介股份有限公司
臺北市,63000,379700000A,A1-1695,利豐不動產股份有限公司
臺北市,63000,379700000A,A1-1701,瑞康國際行銷有限公司
臺北市,63000,379700000A,A1-1703,麗緻廣告有限公司
臺北市,63000,379700000A,A1-1709,奕成房屋仲介有限公司
臺北市,63000,379700000A,A1-1710,聖皇不動產仲介經紀有限公司
臺北市,63000,379700000A,A1-1712,君家資產管理顧問有限公司
臺北市,63000,379700000A,A1-1716,仲和都市更新顧問有限公司
臺北市,63000,379700000A,A1-1719,美學生活置業股份有限公司
臺北市,63000,379700000A,A1-1720,台灣蘇富比國際房地產股份有限公司
臺北市,63000,379700000A,A1-1726,豊玉不動產仲介有限公司
臺北市,63000,379700000A,A1-1728,福和興建設有限公司
臺北市,63000,379700000A,A1-1729,富裔實業股份有限公司
臺北市,63000,379700000A,A1-1731,聯勝開發有限公司
臺北市,63000,379700000A,A1-1736,傑創不動產仲介經紀有限公司
臺北市,63000,379700000A,A1-1742,漢田不動產仲介經紀有限公司
臺北市,63000,379700000A,A1-1744,富冠地產有限公司
臺北市,63000,379700000A,A1-1760,聚利國際物業有限公司
臺北市,63000,379700000A,A1-1761,大展事業有限公司
臺北市,63000,379700000A,A1-1764,巨天不動產仲介經紀有限公司
臺北市,63000,379700000A,A1-1765,萬康達物業管理顧問股份有限公司
臺北市,63000,379700000A,A1-1769,揚鼎國際開發有限公司
臺北市,63000,379700000A,A1-1773,兆豐不動產經紀股份有限公司
臺北市,63000,379700000A,A1-1777,阿信房屋仲介有限公司
臺北市,63000,379700000A,A1-1786,寬昱廣告有限公司
臺北市,63000,379700000A,A1-1788,永禾房屋有限公司
臺北市,63000,379700000A,A1-1796,合億房屋仲介有限公司
臺北市,63000,379700000A,A1-1798,永捷資產管理股份有限公司
臺北市,63000,379700000A,A1-1802,百億不動產有限公司
臺北市,63000,379700000A,A1-1811,大眾不動產經紀有限公司
臺北市,63000,379700000A,A1-1828,閎展不動產開發有限公司
臺北市,63000,379700000A,A1-1831,紅龍房屋仲介有限公司
臺北市,63000,379700000A,A1-1832,大壯不動產仲介有限公司
臺北市,63000,379700000A,A1-1838,威肯商用不動產有限公司
臺北市,63000,379700000A,A1-1843,悅祺實業股份有限公司
臺北市,63000,379700000A,A1-1849,全悅廣告股份有限公司
臺北市,63000,379700000A,A1-1853,磐易實業有限公司
臺北市,63000,379700000A,A1-1857,大安地產有限公司
臺北市,63000,379700000A,A1-1860,宇天不動產仲介經紀有限公司
臺北市,63000,379700000A,A1-1871,巨將創意廣告股份有限公司
臺北市,63000,379700000A,A1-1880,富華國際物業有限公司
臺北市,63000,379700000A,A1-1882,大管家房屋管理顧問有限公司
臺北市,63000,379700000A,A1-1888,康生醫有限公司
臺北市,63000,379700000A,A1-1892,璞成廣告股份有限公司
臺北市,63000,379700000A,A1-1897,恆豐資產管理股份有限公司
臺北市,63000,379700000A,A1-1899,辰鴻不動產有限公司
臺北市,63000,379700000A,A1-1900,茂濟不動產經紀有限公司
臺北市,63000,379700000A,A1-1902,葛林威有限公司
臺北市,63000,379700000A,A1-1911,川普廣告行銷股份有限公司
臺北市,63000,379700000A,A1-1917,祥鈺不動產經紀有限公司
臺北市,63000,379700000A,A1-1921,洋銘投資顧問有限公司
臺北市,63000,379700000A,A1-1922,安谷房屋仲介股份有限公司
臺北市,63000,379700000A,A1-1924,璨鴻房屋仲介有限公司
臺北市,63000,379700000A,A1-1926,時尚物業有限公司
臺北市,63000,379700000A,A1-1928,擎天行銷股份有限公司
臺北市,63000,379700000A,A1-1929,深格行銷創意有限公司
臺北市,63000,379700000A,A1-1935,長富國際地產有限公司
臺北市,63000,379700000A,A1-1949,富麗華不動產開發企業有限公司
臺北市,63000,379700000A,A1-1950,第一太平戴維斯國際豪宅服務有限公司
臺北市,63000,379700000A,A1-1951,鼎陽開發股份有限公司
臺北市,63000,379700000A,A1-1954,家成事業有限公司
臺北市,63000,379700000A,A1-1955,根基不動產經紀股份有限公司
臺北市,63000,379700000A,A1-1958,新風尚開發股份有限公司
臺北市,63000,379700000A,A1-1960,漢田廣告事業有限公司
臺北市,63000,379700000A,A1-1968,元盛不動產仲介經紀有限公司
臺北市,63000,379700000A,A1-1970,安信建築經理股份有限公司
臺北市,63000,379700000A,A1-1972,大三通不動產有限公司
臺北市,63000,379700000A,A1-1976,大中華地產股份有限公司
臺北市,63000,379700000A,A1-1977,璞信廣告股份有限公司
臺北市,63000,379700000A,A1-1990,台慶國際股份有限公司
臺北市,63000,379700000A,A1-1992,賀誠國際開發有限公司
臺北市,63000,379700000A,A1-1995,帝光開發有限公司
臺北市,63000,379700000A,A1-1998,家澄不動產仲介經紀有限公司
臺北市,63000,379700000A,A1-2006,北世專業不動產有限公司
臺北市,63000,379700000A,A1-2009,艋舺不動產仲介經紀有限公司
臺北市,63000,379700000A,A1-2012,和運不動產仲介經紀有限公司
臺北市,63000,379700000A,A1-2015,好事一二三股份有限公司
臺北市,63000,379700000A,A1-2019,弗利艾樂不動產經紀有限公司
臺北市,63000,379700000A,A1-2021,億昕開發實業有限公司
臺北市,63000,379700000A,A1-2024,標柱顧問股份有限公司
臺北市,63000,379700000A,A1-2029,東京不動產投資顧問有限公司
臺北市,63000,379700000A,A1-2032,鑫磊不動產仲介經紀股份有限公司
臺北市,63000,379700000A,A1-2034,超盈廣告有限公司
臺北市,63000,379700000A,A1-2035,均晟資產管理有限公司
臺北市,63000,379700000A,A1-2036,好宅多不動產仲介經紀有限公司
臺北市,63000,379700000A,A1-2037,鉅揚不動產有限公司
臺北市,63000,379700000A,A1-2045,澤宏不動產有限公司
臺北市,63000,379700000A,A1-2046,享樂不動產股份有限公司
臺北市,63000,379700000A,A1-2051,海悅國際開發股份有限公司
臺北市,63000,379700000A,A1-2055,家樂福資產管理有限公司
臺北市,63000,379700000A,A1-2058,永立地產開發有限公司
臺北市,63000,379700000A,A1-2060,睿達租賃住宅服務股份有限公司
臺北市,63000,379700000A,A1-2061,璞煦廣告股份有限公司
臺北市,63000,379700000A,A1-2069,首億設計有限公司
臺北市,63000,379700000A,A1-2077,拓點商用不動產投資顧問股份有限公司
臺北市,63000,379700000A,A1-2078,九江不動產仲介股份有限公司
臺北市,63000,379700000A,A1-2079,漢均廣告有限公司
臺北市,63000,379700000A,A1-2081,定豐地產開發有限公司
臺北市,63000,379700000A,A1-2083,義豐不動產有限公司
臺北市,63000,379700000A,A1-2093,巨將創新廣告股份有限公司
臺北市,63000,379700000A,A1-2094,中展置業顧問股份有限公司
臺北市,63000,379700000A,A1-2097,佑兆資產管理有限公司
臺北市,63000,379700000A,A1-2098,首誠不動產仲介經紀有限公司
臺北市,63000,379700000A,A1-2101,皇嘉物業管理顧問股份有限公司
臺北市,63000,379700000A,A1-2107,政大盛有限公司
臺北市,63000,379700000A,A1-2108,旭湧不動產股份有限公司
臺北市,63000,379700000A,A1-2112,樸新廣告股份有限公司
臺北市,63000,379700000A,A1-2113,立德房屋仲介有限公司
臺北市,63000,379700000A,A1-2118,兆基管理顧問股份有限公司
臺北市,63000,379700000A,A1-2124,水立方國際開發股份有限公司
臺北市,63000,379700000A,A1-2126,好厝不動產經紀有限公司
臺北市,63000,379700000A,A1-2127,誠鄰不動產經紀股份有限公司
臺北市,63000,379700000A,A1-2132,崔媽媽蝸牛租屋有限公司
臺北市,63000,379700000A,A1-2141,力誠不動產經紀有限公司
臺北市,63000,379700000A,A1-2143,琴和房屋仲介實業社
臺北市,63000,379700000A,A1-2146,朝日東京投資顧問有限公司
臺北市,63000,379700000A,A1-2149,大台北都會有限公司
臺北市,63000,379700000A,A1-2159,大元廣告有限公司
臺北市,63000,379700000A,A1-2162,愛山林建設開發股份有限公司
臺北市,63000,379700000A,A1-2163,大熊開發股份有限公司
臺北市,63000,379700000A,A1-2171,皓明不動產仲介經紀有限公司
臺北市,63000,379700000A,A1-2172,鼎信不動產開發有限公司
臺北市,63000,379700000A,A1-2173,承家不動產經紀有限公司
臺北市,63000,379700000A,A1-2174,國際東京不動產投資顧問有限公司
臺北市,63000,379700000A,A1-2176,好租一二三股份有限公司
臺北市,63000,379700000A,A1-2182,翊富房屋股份有限公司
臺北市,63000,379700000A,A1-2186,萬鴻開發股份有限公司
臺北市,63000,379700000A,A1-2194,福鑫不動產有限公司
臺北市,63000,379700000A,A1-2201,豐巢不動產經紀有限公司
臺北市,63000,379700000A,A1-2208,吉家網不動產股份有限公司
臺北市,63000,379700000A,A1-2210,聯碩地產股份有限公司
臺北市,63000,379700000A,A1-2211,日昇房屋有限公司
臺北市,63000,379700000A,A1-2213,世正開發股份有限公司
臺北市,63000,379700000A,A1-2219,太陽國際廣告股份有限公司
臺北市,63000,379700000A,A1-2222,皓謙不動產投資顧問股份有限公司
臺北市,63000,379700000A,A1-2223,永業行銷開發股份有限公司
臺北市,63000,379700000A,A1-2237,璞厚廣告股份有限公司
臺北市,63000,379700000A,A1-2241,愛華德福不動產經紀有限公司
臺北市,63000,379700000A,A1-2247,潤豐國際開發有限公司
臺北市,63000,379700000A,A1-2255,久久國際地產開發有限公司
臺北市,63000,379700000A,A1-2264,聯誠不動產有限公司
臺北市,63000,379700000A,A1-2266,英國首都國際教育有限公司
臺北市,63000,379700000A,A1-2267,慕容行銷有限公司
臺北市,63000,379700000A,A1-2271,利恆房屋仲介有限公司
臺北市,63000,379700000A,A1-2274,弘裕不動產仲介有限公司
臺北市,63000,379700000A,A1-2284,有?不動產經紀股份有限公司
臺北市,63000,379700000A,A1-2290,金士頓不動產經紀股份有限公司
臺北市,63000,379700000A,A1-2291,兆豐隆地產股份有限公司
臺北市,63000,379700000A,A1-2292,儀居開發有限公司
臺北市,63000,379700000A,A1-2297,天德資產管理股份有限公司
臺北市,63000,379700000A,A1-2302,東急房地產股份有限公司
臺北市,63000,379700000A,A1-2312,立宸國際開發股份有限公司
臺北市,63000,379700000A,A1-2313,群英國際不動產股份有限公司
臺北市,63000,379700000A,A1-2314,恆久不動產仲介經紀有限公司
臺北市,63000,379700000A,A1-2318,日商梓煜不動產有限公司台北分公司
臺北市,63000,379700000A,A1-2319,大樸實業有限公司
臺北市,63000,379700000A,A1-2320,喬鉅不動產仲介經紀有限公司
臺北市,63000,379700000A,A1-2323,聚合勝建設有限公司
臺北市,63000,379700000A,A1-2325,本葉國際資產管理股份有限公司
臺北市,63000,379700000A,A1-2328,禾泰開發有限公司
臺北市,63000,379700000A,A1-2329,萬海行銷有限公司
臺北市,63000,379700000A,A1-2330,亞太國際地產股份有限公司
臺北市,63000,379700000A,A1-2331,當代東京管理顧問股份有限公司
臺北市,63000,379700000A,A1-2334,磐石亞日不動產股份有限公司
臺北市,63000,379700000A,A1-2335,薈芳廣告有限公司
臺北市,63000,379700000A,A1-2337,家諾不動產仲介有限公司
臺北市,63000,379700000A,A1-2338,華晟資產管理顧問有限公司
臺北市,63000,379700000A,A1-2343,東鑫不動產經紀有限公司
臺北市,63000,379700000A,A1-2345,九華不動產股份有限公司
臺北市,63000,379700000A,A1-2355,長誠地產股份有限公司
臺北市,63000,379700000A,A1-2357,府尚不動產仲介經紀有限公司
臺北市,63000,379700000A,A1-2360,麥吉爾房屋有限公司
臺北市,63000,379700000A,A1-2362,鼎曜開發不動產仲介經紀有限公司
臺北市,63000,379700000A,A1-2363,璞園房屋仲介股份有限公司
臺北市,63000,379700000A,A1-2364,光洋不動產股份有限公司
臺北市,63000,379700000A,A1-2367,達誠房屋仲介有限公司
臺北市,63000,379700000A,A1-2368,泉欣房屋仲介有限公司
臺北市,63000,379700000A,A1-2369,三多立有限公司
臺北市,63000,379700000A,A1-2373,東京問屋不動產股份有限公司
臺北市,63000,379700000A,A1-2377,御上廣告股份有限公司
臺北市,63000,379700000A,A1-2381,卓越東京不動產投資顧問有限公司
臺北市,63000,379700000A,A1-2385,喬崵不動產仲介經紀有限公司
臺北市,63000,379700000A,A1-2388,喜飛特不動產股份有限公司
臺北市,63000,379700000A,A1-2392,駐易國際不動產經紀聯合有限公司
臺北市,63000,379700000A,A1-2399,大江戶房屋有限公司
臺北市,63000,379700000A,A1-2407,匯康資產管理有限公司
臺北市,63000,379700000A,A1-2410,亞洲大志國際顧問有限公司
臺北市,63000,379700000A,A1-2411,菲爾資產有限公司
臺北市,63000,379700000A,A1-2412,艾佳國際資產管理有限公司
臺北市,63000,379700000A,A1-2413,中興不動產經紀有限公司
臺北市,63000,379700000A,A1-2417,亞信地產有限公司
臺北市,63000,379700000A,A1-2420,益立信地產股份有限公司
臺北市,63000,379700000A,A1-2424,奧村不動產有限公司
臺北市,63000,379700000A,A1-2425,雲騰建設股份有限公司
臺北市,63000,379700000A,A1-2432,榮騰建設有限公司
臺北市,63000,379700000A,A1-2434,長紘行銷有限公司
臺北市,63000,379700000A,A1-2435,凱倢房屋有限公司
臺北市,63000,379700000A,A1-2437,宏邦房屋仲介股份有限公司
臺北市,63000,379700000A,A1-2440,奇摩廣告有限公司
臺北市,63000,379700000A,A1-2445,儷園廣告股份有限公司
臺北市,63000,379700000A,A1-2450,德勤不動產顧問股份有限公司
臺北市,63000,379700000A,A1-2456,萬裕地產開發有限公司
臺北市,63000,379700000A,A1-2457,松信不動產有限公司
臺北市,63000,379700000A,A1-2458,宏大國際資產股份有限公司
臺北市,63000,379700000A,A1-2460,大大不動產有限公司
臺北市,63000,379700000A,A1-2463,蘋果開發有限公司
臺北市,63000,379700000A,A1-2464,信福房屋仲介有限公司
臺北市,63000,379700000A,A1-2465,潤鼎廣告股份有限公司
臺北市,63000,379700000A,A1-2475,永旭房屋有限公司
臺北市,63000,379700000A,A1-2477,尚允永續開發股份有限公司
臺北市,63000,379700000A,A1-2479,績億資產管理顧問股份有限公司
臺北市,63000,379700000A,A1-2485,居佳房屋仲介有限公司
臺北市,63000,379700000A,A1-2487,瑀晁國際股份有限公司
臺北市,63000,379700000A,A1-2490,佢佳地產有限公司
臺北市,63000,379700000A,A1-2492,子鞅開發股份有限公司
臺北市,63000,379700000A,A1-2495,守富不動產仲介經紀有限公司
臺北市,63000,379700000A,A1-2498,金幸福國際開發有限公司
臺北市,63000,379700000A,A1-2499,大運通不動產經紀有限公司
臺北市,63000,379700000A,A1-2500,家合不動產管理顧問股份有限公司
臺北市,63000,379700000A,A1-2501,合作金庫資產管理股份有限公司
臺北市,63000,379700000A,A1-2503,安心住不動產經紀業有限公司
臺北市,63000,379700000A,A1-2505,鴻埕國際開發有限公司
臺北市,63000,379700000A,A1-2506,香港商匯泓不動產投資顧問有限公司
臺北市,63000,379700000A,A1-2507,寶徠房地產股份有限公司
臺北市,63000,379700000A,A1-2511,滿意房屋仲介有限公司
臺北市,63000,379700000A,A1-2516,住成資產管理有限公司
臺北市,63000,379700000A,A1-2517,昇陽地產有限公司
臺北市,63000,379700000A,A1-2519,駿晶地產股份有限公司
臺北市,63000,379700000A,A1-2522,甲山林娛樂股份有限公司
臺北市,63000,379700000A,A1-2543,高盛地產
臺北市,63000,379700000A,A1-2548,獅王不動產投資有限公司
臺北市,63000,379700000A,A1-2553,美樂房屋有限公司
臺北市,63000,379700000A,A1-2557,華南金資產管理股份有限公司
臺北市,63000,379700000A,A1-2562,沄豐行銷事業有限公司
臺北市,63000,379700000A,A1-2564,唯贏投資有限公司
臺北市,63000,379700000A,A1-2565,禮德房屋仲介有限公司
臺北市,63000,379700000A,A1-2568,永順房屋仲介有限公司
臺北市,63000,379700000A,A1-2570,力威房屋有限公司
臺北市,63000,379700000A,A1-2573,富華不動產開發有限公司
臺北市,63000,379700000A,A1-2574,海揚廣告股份有限公司
臺北市,63000,379700000A,A1-2577,租事大集有限公司
臺北市,63000,379700000A,A1-2585,丰雲廣告有限公司
臺北市,63000,379700000A,A1-2593,傳辰顧問股份有限公司
臺北市,63000,379700000A,A1-2595,匯亞國際開發股份有限公司
臺北市,63000,379700000A,A1-2598,奧利多行銷創意有限公司
臺北市,63000,379700000A,A1-2601,亮點不動產有限公司
臺北市,63000,379700000A,A1-2602,樂勤行銷有限公司
臺北市,63000,379700000A,A1-2603,金蜜蜂企業有限公司
臺北市,63000,379700000A,A1-2604,極客資本有限公司
臺北市,63000,379700000A,A1-2614,茂琚國際有限公司
臺北市,63000,379700000A,A1-2615,詮力實業股份有限公司
臺北市,63000,379700000A,A1-2617,易信國際不動產有限公司
臺北市,63000,379700000A,A1-2618,同陽建設股份有限公司
臺北市,63000,379700000A,A1-2619,合意廣告行銷有限公司
臺北市,63000,379700000A,A1-2620,旺馬廣告股份有限公司
臺北市,63000,379700000A,A1-2626,寬和行銷有限公司
臺北市,63000,379700000A,A1-2630,創源建設開發股份有限公司
臺北市,63000,379700000A,A1-2639,駿霖股份有限公司
臺北市,63000,379700000A,A1-2643,台灣房巢投資股份有限公司
臺北市,63000,379700000A,A1-2644,台灣地產股份有限公司
臺北市,63000,379700000A,A1-2647,元泰國際地產有限公司
臺北市,63000,379700000A,A1-2650,大都會國際房產股份有限公司
臺北市,63000,379700000A,A1-2653,有愉不動產經紀股份有限公司
臺北市,63000,379700000A,A1-2660,昱明開發股份有限公司
臺北市,63000,379700000A,A1-2662,東京都心不動產股份有限公司
臺北市,63000,379700000A,A1-2665,豐?國際地產股份有限公司
臺北市,63000,379700000A,A1-2666,祥運不動產仲介經紀有限公司
臺北市,63000,379700000A,A1-2668,恒佳房屋有限公司
臺北市,63000,379700000A,A1-2669,天合行銷廣告股份有限公司
臺北市,63000,379700000A,A1-2670,長譽廣告有限公司
臺北市,63000,379700000A,A1-2681,宏富不動產經紀有限公司
臺北市,63000,379700000A,A1-2682,華磐國際開發股份有限公司
臺北市,63000,379700000A,A1-2686,富景地產股份有限公司
臺北市,63000,379700000A,A1-2688,大真國際地產有限公司
臺北市,63000,379700000A,A1-2691,加圓投資有限公司
臺北市,63000,379700000A,A1-2692,冠達不動產股份有限公司
臺北市,63000,379700000A,A1-2698,恆大不動產經紀業有限公司
臺北市,63000,379700000A,A1-2700,一片雲科技股份有限公司
臺北市,63000,379700000A,A1-2702,旺旺房屋有限公司
臺北市,63000,379700000A,A1-2703,東成不動產股份有限公司
臺北市,63000,379700000A,A1-2704,聯碩行銷股份有限公司
臺北市,63000,379700000A,A1-2707,東龍寬頻國際開發股份有限公司
臺北市,63000,379700000A,A1-2708,勝義地產有限公司
臺北市,63000,379700000A,A1-2709,新時代商務中心有限公司
臺北市,63000,379700000A,A1-2710,文湖房屋仲介有限公司
臺北市,63000,379700000A,A1-2711,瑞勤不動產經紀有限公司
臺北市,63000,379700000A,A1-2713,雙北市都更產業股份有限公司
臺北市,63000,379700000A,A1-2715,合眾建築經理股份有限公司
臺北市,63000,379700000A,A1-2717,台灣好房有限公司
臺北市,63000,379700000A,A1-2719,市都發都市更新股份有限公司
臺北市,63000,379700000A,A1-2720,元品不動產仲介經紀有限公司
臺北市,63000,379700000A,A1-2723,海心國際股份有限公司
臺北市,63000,379700000A,A1-2724,禾豐國際資產管理有限公司
臺北市,63000,379700000A,A1-2725,周?資產管理有限公司
臺北市,63000,379700000A,A1-2727,沅浩房屋仲介有限公司
臺北市,63000,379700000A,A1-2729,興茂房屋仲介有限公司
臺北市,63000,379700000A,A1-2732,大唐國際實業有限公司
臺北市,63000,379700000A,A1-2734,憬悅建築有限公司
臺北市,63000,379700000A,A1-2737,上程房屋有限公司
臺北市,63000,379700000A,A1-2738,宏達不動產仲介有限公司
臺北市,63000,379700000A,A1-2739,靖寬國際有限公司
臺北市,63000,379700000A,A1-2746,順利開發有限公司
臺北市,63000,379700000A,A1-2747,超悅廣告事業股份有限公司
臺北市,63000,379700000A,A1-2750,大順發不動產經紀有限公司
臺北市,63000,379700000A,A1-2752,詠粲國際有限公司
臺北市,63000,379700000A,A1-2756,尚宏廣告股份有限公司
臺北市,63000,379700000A,A1-2757,金石地產股份有限公司
臺北市,63000,379700000A,A1-2758,旺德美客有限公司
臺北市,63000,379700000A,A1-2762,永信資產開發股份有限公司
臺北市,63000,379700000A,A1-2764,永發開發建設股份有限公司
臺北市,63000,379700000A,A1-2765,東京陽光不動產股份有限公司
臺北市,63000,379700000A,A1-2767,徐氏不動產有限公司
臺北市,63000,379700000A,A1-2775,皇鑫不動產仲介經紀有限公司
臺北市,63000,379700000A,A1-2776,台北第一開發股份有限公司
臺北市,63000,379700000A,A1-2777,格瑞資產管理顧問有限公司
臺北市,63000,379700000A,A1-2778,台灣三井不動產股份有限公司
臺北市,63000,379700000A,A1-2780,菩真廣告行銷有限公司
臺北市,63000,379700000A,A1-2781,儀居房地產經紀股份有限公司
臺北市,63000,379700000A,A1-2786,中亞資產鑑定股份有限公司 
臺北市,63000,379700000A,A1-2787,東江國際開發有限公司
臺北市,63000,379700000A,A1-2795,丰睿國際股份有限公司
臺北市,63000,379700000A,A1-2796,湧心創意股份有限公司
臺北市,63000,379700000A,A1-2797,現代創新不動產股份有限公司
臺北市,63000,379700000A,A1-2798,巨旦房屋有限公司
臺北市,63000,379700000A,A1-2801,富錦全球地產有限公司
臺北市,63000,379700000A,A1-2806,凌陽有限公司
臺北市,63000,379700000A,A1-2810,好享家不動產仲介經紀有限公司
臺北市,63000,379700000A,A1-2812,得給樂資產管理顧問有限公司
臺北市,63000,379700000A,A1-2813,心誠不動產仲介經紀有限公司
臺北市,63000,379700000A,A1-2818,新美齊公寓大廈管理維護股份有限公司
臺北市,63000,379700000A,A1-2819,萬華不動產有限公司
臺北市,63000,379700000A,A1-2820,成家不動產仲介經紀有限公司
臺北市,63000,379700000A,A1-2821,太揚行銷股份有限公司
臺北市,63000,379700000A,A1-2824,大安商仲國際有限公司
臺北市,63000,379700000A,A1-2826,瑞安商用不動產有限公司
臺北市,63000,379700000A,A1-2831,如來企劃有限公司
臺北市,63000,379700000A,A1-2833,謙建國際地產股份有限公司
臺北市,63000,379700000A,A1-2834,歐際聯行有限公司
臺北市,63000,379700000A,A1-2836,安勝房屋仲介經紀有限公司
臺北市,63000,379700000A,A1-2837,翔鷹武不動產有限公司
臺北市,63000,379700000A,A1-2838,兆基租屋有限公司
臺北市,63000,379700000A,A1-2842,住訊房屋有限公司
臺北市,63000,379700000A,A1-2843,巨豐旅館管理顧問股份有限公司
臺北市,63000,379700000A,A1-2844,穩懋不動產經紀有限公司
臺北市,63000,379700000A,A1-2845,哈塔瑪斯國際地產有限公司
臺北市,63000,379700000A,A1-2846,信實不動產顧問有限公司
臺北市,63000,379700000A,A1-2847,致信不動產管理顧問有限公司
臺北市,63000,379700000A,A1-2848,安禾房屋有限公司
臺北市,63000,379700000A,A1-2850,台灣太子不動產投資股份有限公司
臺北市,63000,379700000A,A1-2851,好德麥實業股份有限公司
臺北市,63000,379700000A,A1-2852,德寶地產股份有限公司
臺北市,63000,379700000A,A1-2854,仲霖國際地產有限公司
臺北市,63000,379700000A,A1-2855,吉聯不動產股份有限公司
臺北市,63000,379700000A,A1-2857,瑞智不動產有限公司
臺北市,63000,379700000A,A1-2858,宅都有限公司
臺北市,63000,379700000A,A1-2859,名崴不動產仲介經紀有限公司
臺北市,63000,379700000A,A1-2860,寄居蟹租屋股份有限公司
臺北市,63000,379700000A,A1-2861,天品廣告股份有限公司
臺北市,63000,379700000A,A1-2862,賦盈廣告行銷有限公司
臺北市,63000,379700000A,A1-2863,艾肯不動產股份有限公司
臺北市,63000,379700000A,A1-2865,京站數位廣場股份有限公司
臺北市,63000,379700000A,A1-2867,安庭物業有限公司
臺北市,63000,379700000A,A1-2869,金石國際投資顧問有限公司
臺北市,63000,379700000A,A1-2873,開朗事業有限公司
臺北市,63000,379700000A,A1-2878,盈佳不動產投資顧問有限公司
臺北市,63000,379700000A,A1-2879,全球國際不動產經紀有限公司
臺北市,63000,379700000A,A1-2880,王者管理顧問有限公司
臺北市,63000,379700000A,A1-2882,森信實業有限公司
臺北市,63000,379700000A,A1-2884,永達廣告有限公司
臺北市,63000,379700000A,A1-2885,第二家園國際地產有限公司
臺北市,63000,379700000A,A1-2886,遇樂行銷有限公司
臺北市,63000,379700000A,A1-2888,永健開發有限公司
臺北市,63000,379700000A,A1-2890,邁世快速流通有限公司
臺北市,63000,379700000A,A1-2891,豐立富國際行銷有限公司
臺北市,63000,379700000A,A1-2895,大蕎房屋企業社
臺北市,63000,379700000A,A1-2896,漢特實業有限公司
臺北市,63000,379700000A,A1-2897,東昇國際管理顧問股份有限公司
臺北市,63000,379700000A,A1-2899,詮欣行銷有限公司
臺北市,63000,379700000A,A1-2900,勤華企業有限公司
臺北市,63000,379700000A,A1-2903,奕昇不動產管理顧問有限公司
臺北市,63000,379700000A,A1-2906,一軒企業有限公司
臺北市,63000,379700000A,A1-2907,宏啟不動產有限公司
臺北市,63000,379700000A,A1-2908,德富姿力有限公司
臺北市,63000,379700000A,A1-2909,三大國際地產有限公司
臺北市,63000,379700000A,A1-2910,金紀元廣告事業股份有限公司
臺北市,63000,379700000A,A1-2911,樂見不動產有限公司
臺北市,63000,379700000A,A1-2914,金石房屋資產有限公司
臺北市,63000,379700000A,A1-2917,安全不動產仲介經紀有限公司
臺北市,63000,379700000A,A1-2918,慧城地產股份有限公司
臺北市,63000,379700000A,A1-2919,豐馥資產管理股份有限公司
臺北市,63000,379700000A,A1-2921,京安資產管理開發有限公司
臺北市,63000,379700000A,A1-2922,家成物業管理顧問有限公司
臺北市,63000,379700000A,A1-2923,大江國際不動產開發股份有限公司
臺北市,63000,379700000A,A1-2924,桔禾行銷有限公司
臺北市,63000,379700000A,A1-2926,普華國際不動產有限公司
臺北市,63000,379700000A,A1-2928,美思國際房地產股份有限公司
臺北市,63000,379700000A,A1-2931,朝沛安國際股份有限公司
臺北市,63000,379700000A,A1-2933,遠創不動產有限公司
臺北市,63000,379700000A,A1-2938,華麟廣告有限公司
臺北市,63000,379700000A,A1-2939,永康國際地產有限公司
臺北市,63000,379700000A,A1-2942,永康地產開發有限公司
臺北市,63000,379700000A,A1-2943,樸飛廣告股份有限公司
臺北市,63000,379700000A,A1-2946,昱豐地產有限公司
臺北市,63000,379700000A,A1-2948,峻鑫廣告有限公司
臺北市,63000,379700000A,A1-2950,住好厝不動產經紀有限公司
臺北市,63000,379700000A,A1-2953,聖龍地產有限公司
臺北市,63000,379700000A,A1-2954,太極創新股份有限公司
臺北市,63000,379700000A,A1-2956,旭陞地產有限公司
臺北市,63000,379700000A,A1-2957,聯亞資產管理顧問有限公司
臺北市,63000,379700000A,A1-2958,平安房屋仲介股份有限公司
臺北市,63000,379700000A,A1-2965,彗享行
臺北市,63000,379700000A,A1-2966,禾橋興業有限公司
臺北市,63000,379700000A,A1-2968,富昇興業股份有限公司
臺北市,63000,379700000A,A1-2969,築夢家房地產股份有限公司
臺北市,63000,379700000A,A1-2972,東元不動產有限公司
臺北市,63000,379700000A,A1-2974,龍蓁淳國際股份有限公司
臺北市,63000,379700000A,A1-2975,澄實不動產仲介經紀有限公司
臺北市,63000,379700000A,A1-2976,約翰國際不動產有限公司
臺北市,63000,379700000A,A1-2977,利科置地國際有限公司
臺北市,63000,379700000A,A1-2978,力今房屋有限公司
臺北市,63000,379700000A,A1-2980,理德房屋仲介有限公司
臺北市,63000,379700000A,A1-2981,喬唯股份有限公司
臺北市,63000,379700000A,A1-2983,悅陽地產開發股份有限公司
臺北市,63000,379700000A,A1-2985,海鉅開發股份有限公司
臺北市,63000,379700000A,A1-2986,新高思廣告有限公司
臺北市,63000,379700000A,A1-2987,紅點整合行銷有限公司
臺北市,63000,379700000A,A1-2990,和眾房屋有限公司
臺北市,63000,379700000A,A1-2996,厚德置地有限公司
臺北市,63000,379700000A,A1-3003,安宣開發有限公司
臺北市,63000,379700000A,A1-3004,喬信不動產仲介經紀有限公司
臺北市,63000,379700000A,A1-3006,誠和不動產有限公司
臺北市,63000,379700000A,A1-3008,震世國際地產股份有限公司
臺北市,63000,379700000A,A1-3010,樂崙國際商仲有限公司
臺北市,63000,379700000A,A1-3012,巨大不動產仲介經紀有限公司
臺北市,63000,379700000A,A1-3015,金穩利房屋股份有限公司
臺北市,63000,379700000A,A1-3017,上合意廣告行銷有限公司
臺北市,63000,379700000A,A1-3018,欣成不動產管理顧問股份有限公司
臺北市,63000,379700000A,A1-3021,台星房屋不動產股份有限公司
臺北市,63000,379700000A,A1-3022,禾合行銷有限公司
臺北市,63000,379700000A,A1-3025,巨將創見廣告股份有限公司
臺北市,63000,379700000A,A1-3028,冠翔房屋有限公司
臺北市,63000,379700000A,A1-3030,帝元不動產管理顧問有限公司
臺北市,63000,379700000A,A1-3033,皇慶國際不動產有限公司
臺北市,63000,379700000A,A1-3036,謙和不動產仲介經紀有限公司
臺北市,63000,379700000A,A1-3037,輝旺不動產投資顧問有限公司
臺北市,63000,379700000A,A1-3039,家慶佳業股份有限公司
臺北市,63000,379700000A,A1-3040,森澤地產投資有限公司
臺北市,63000,379700000A,A1-3041,禾源不動產管理顧問有限公司
臺北市,63000,379700000A,A1-3042,台灣開發都市更新有限公司
臺北市,63000,379700000A,A1-3043,家信資產管理顧問有限公司
臺北市,63000,379700000A,A1-3044,理成不動產仲介有限公司
臺北市,63000,379700000A,A1-3046,富喬物業管理顧問股份有限公司
臺北市,63000,379700000A,A1-3047,得丞記有限公司
臺北市,63000,379700000A,A1-3048,優昇商用不動產有限公司
臺北市,63000,379700000A,A1-3049,大宸不動產有限公司
臺北市,63000,379700000A,A1-3050,利安環球物業股份有限公司
臺北市,63000,379700000A,A1-3051,香港商和頓國際集團有限公司台灣分公司
臺北市,63000,379700000A,A1-3052,利置行銷有限公司
臺北市,63000,379700000A,A1-3055,有田房屋有限公司
臺北市,63000,379700000A,A1-3060,鴻星不動產經紀有限公司
臺北市,63000,379700000A,A1-3061,海宇國際股份有限公司
臺北市,63000,379700000A,A1-3063,天鑫國際實業股份有限公司
臺北市,63000,379700000A,A1-3066,玉山房屋管理顧問股份有限公司
臺北市,63000,379700000A,A1-3067,永岩行銷有限公司
臺北市,63000,379700000A,A1-3069,海恩國際資產有限公司
臺北市,63000,379700000A,A1-3073,大世紀不動產有限公司
臺北市,63000,379700000A,A1-3079,寬禾興業股份有限公司
臺北市,63000,379700000A,A1-3080,百合國際不動產仲介經紀有限公司
臺北市,63000,379700000A,A1-3081,曜昇廣告有限公司
臺北市,63000,379700000A,A1-3085,台灣三菱地所股份有限公司
臺北市,63000,379700000A,A1-3088,堡勤不動產仲介經紀有限公司
臺北市,63000,379700000A,A1-3089,寶島地產有限公司
臺北市,63000,379700000A,A1-3094,宜樂房屋顧問股份有限公司
臺北市,63000,379700000A,A1-3095,星穎地產開發有限公司
臺北市,63000,379700000A,A1-3097,喬群不動產仲介經紀有限公司
臺北市,63000,379700000A,A1-3098,禾益不動產管理顧問有限公司
臺北市,63000,379700000A,A1-3100,豐濬創意廣告行銷有限公司
臺北市,63000,379700000A,A1-3101,樂居科技股份有限公司
臺北市,63000,379700000A,A1-3103,樂洋地產股份有限公司
臺北市,63000,379700000A,A1-3104,真誠國際不動產有限公司
臺北市,63000,379700000A,A1-3110,富好不動產有限公司
臺北市,63000,379700000A,A1-3111,好家多不動產仲介經紀有限公司
臺北市,63000,379700000A,A1-3113,禾棠有限公司
臺北市,63000,379700000A,A1-3114,城市地產科技有限公司
臺北市,63000,379700000A,A1-3117,元展開發顧問有限公司
臺北市,63000,379700000A,A1-3118,馨嘉資產管理有限公司
臺北市,63000,379700000A,A1-3120,亨富不動產仲介經紀有限公司
臺北市,63000,379700000A,A1-3121,元利創意廣告行銷有限公司
臺北市,63000,379700000A,A1-3122,匯鴻廣告有限公司
臺北市,63000,379700000A,A1-3125,汎太資產物業管理股份有限公司
臺北市,63000,379700000A,A1-3126,華閱生活開發有限公司
臺北市,63000,379700000A,A1-3127,馥鈺實業股份有限公司
臺北市,63000,379700000A,A1-3128,赫泰廣告行銷有限公司
臺北市,63000,379700000A,A1-3129,博思聯合興業股份有限公司
臺北市,63000,379700000A,A1-3130,一泰不動產經紀股份有限公司
臺北市,63000,379700000A,A1-3133,新未來全房產股份有限公司
臺北市,63000,379700000A,A1-3134,麗暘廣告有限公司
臺北市,63000,379700000A,A1-3135,都蘭戀資產顧問有限公司
臺北市,63000,379700000A,A1-3137,承弘國際開發有限公司
臺北市,63000,379700000A,A1-3139,森利遠實業有限公司
臺北市,63000,379700000A,A1-3141,寶麟廣告有限公司
臺北市,63000,379700000A,A1-3142,勝鼎地產開發有限公司
臺北市,63000,379700000A,A1-3143,禾基不動產經紀有限公司
臺北市,63000,379700000A,A1-3146,長頸鹿不動產經紀有限公司
臺北市,63000,379700000A,A1-3148,合望企業有限公司
臺北市,63000,379700000A,A1-3149,創巨國際股份有限公司
臺北市,63000,379700000A,A1-3151,祥榮不動產仲介經紀有限公司
臺北市,63000,379700000A,A1-3152,好佳家不動產仲介經紀有限公司
臺北市,63000,379700000A,A1-3154,佑民實業有限公司
臺北市,63000,379700000A,A1-3155,揚陞廣告股份有限公司
臺北市,63000,379700000A,A1-3156,智璞國際有限公司
臺北市,63000,379700000A,A1-3157,東鼎管理顧問有限公司
臺北市,63000,379700000A,A1-3158,遠創力行銷股份有限公司
臺北市,63000,379700000A,A1-3161,頂贏國際資產管理投資顧問股份有限公司
臺北市,63000,379700000A,A1-3162,兆鴻不動產仲介有限公司
臺北市,63000,379700000A,A1-3163,詮力地產實業股份有限公司
臺北市,63000,379700000A,A1-3164,圓騰不動產有限公司
臺北市,63000,379700000A,A1-3165,源滿國際有限公司
臺北市,63000,379700000A,A1-3166,德載國際不動產股份有限公司
臺北市,63000,379700000A,A1-3167,生寶地產國際股份有限公司
臺北市,63000,379700000A,A1-3169,豪情廣告有限公司
臺北市,63000,379700000A,A1-3171,日昇盛世不動產仲介有限公司
臺北市,63000,379700000A,A1-3175,巨山國際不動產有限公司
臺北市,63000,379700000A,A1-3176,羅?不動產管理顧問有限公司
臺北市,63000,379700000A,A1-3178,宏邦地產有限公司
臺北市,63000,379700000A,A1-3182,晟嘉房屋仲介有限公司
臺北市,63000,379700000A,A1-3183,富邦房地產有限公司
臺北市,63000,379700000A,A1-3184,星佳廷有限公司
臺北市,63000,379700000A,A1-3187,立京建築開發股份有限公司
臺北市,63000,379700000A,A1-3188,宜家行銷有限公司
臺北市,63000,379700000A,A1-3189,頂豐國際管理顧問有限公司
臺北市,63000,379700000A,A1-3190,興潤資產管理有限公司
臺北市,63000,379700000A,A1-3191,紅色陸壹貳揪安心股份有限公司
臺北市,63000,379700000A,A1-3192,京東商業股份有限公司
臺北市,63000,379700000A,A1-3197,宸安不動產仲介經紀有限公司
臺北市,63000,379700000A,A1-3198,社子島地產開發有限公司
臺北市,63000,379700000A,A1-3200,紘福不動產經紀有限公司
臺北市,63000,379700000A,A1-3201,麒御不動產有限公司
臺北市,63000,379700000A,A1-3202,新創智廣告有限公司
臺北市,63000,379700000A,A1-3204,中工公寓大廈管理維護有限公司
臺北市,63000,379700000A,A1-3205,豐陞不動產仲介經紀有限公司
臺北市,63000,379700000A,A1-3206,悅弘不動產投資顧問有限公司
臺北市,63000,379700000A,A1-3207,稻盛房屋有限公司
臺北市,63000,379700000A,A1-3210,堡群不動產仲介經紀有限公司
臺北市,63000,379700000A,A1-3211,台美不動產有限公司
臺北市,63000,379700000A,A1-3212,天廈廣告事業股份有限公司
臺北市,63000,379700000A,A1-3213,蓮禾實業有限公司
臺北市,63000,379700000A,A1-3215,閤國際不動產有限公司
臺北市,63000,379700000A,A1-3217,湘涓地產顧問股份有限公司
臺北市,63000,379700000A,A1-3220,雲硯廣告行銷有限公司
臺北市,63000,379700000A,A1-3224,?寓資產管理股份有限公司
臺北市,63000,379700000A,A1-3225,禮敬建設股份有限公司
臺北市,63000,379700000A,A1-3227,富頂不動產顧問股份有限公司
臺北市,63000,379700000A,A1-3230,積麗不動產經紀有限公司
臺北市,63000,379700000A,A1-3232,吉案不動產仲介經紀有限公司
臺北市,63000,379700000A,A1-3233,沙瑪尼西國際不動產有限公司
臺北市,63000,379700000A,A1-3234,文生開發股份有限公司
臺北市,63000,379700000A,A1-3237,寓聖不動產有限公司
臺北市,63000,379700000A,A1-3238,富都新開發建設股份有限公司
臺北市,63000,379700000A,A1-3239,璞吉廣告股份有限公司
臺北市,63000,379700000A,A1-3240,德勇開發實業社
臺北市,63000,379700000A,A1-3241,藍莎國際管理顧問股份有限公司
臺北市,63000,379700000A,A1-3242,漫威不動產仲介經紀有限公司
臺北市,63000,379700000A,A1-3243,快意管理顧問股份有限公司
臺北市,63000,379700000A,A1-3244,信友國際行銷有限公司
臺北市,63000,379700000A,A1-3246,柏意資產開發股份有限公司
臺北市,63000,379700000A,A1-3249,昊騰地產國際有限公司
臺北市,63000,379700000A,A1-3251,如來廣告股份有限公司
臺北市,63000,379700000A,A1-3254,在信地產有限公司
臺北市,63000,379700000A,A1-3255,富思特廣告事業有限公司
臺北市,63000,379700000A,A1-3257,朋沛國際開發股份有限公司
臺北市,63000,379700000A,A1-3259,喬興不動產有限公司
臺北市,63000,379700000A,A1-3260,成德地產有限公司
臺北市,63000,379700000A,A1-3263,日日生行銷有限公司
臺北市,63000,379700000A,A1-3264,馥鈺行銷股份有限公司
臺北市,63000,379700000A,A1-3265,宜年股份有限公司
臺北市,63000,379700000A,A1-3266,友誠房屋有限公司
臺北市,63000,379700000A,A1-3267,欣展不動產有限公司
臺北市,63000,379700000A,A1-3268,貝可得國際股份有限公司
臺北市,63000,379700000A,A1-3269,寶利企管顧問有限公司
臺北市,63000,379700000A,A1-3271,怡品國際房產有限公司
臺北市,63000,379700000A,A1-3272,聯詠房屋仲介股份有限公司
臺北市,63000,379700000A,A1-3273,金谷建築開發股份有限公司
臺北市,63000,379700000A,A1-3274,喬成不動產仲介經紀有限公司
臺北市,63000,379700000A,A1-3276,富寓房屋股份有限公司
臺北市,63000,379700000A,A1-3277,圓品不動產股份有限公司
臺北市,63000,379700000A,A1-3279,富邦資產管理股份有限公司
臺北市,63000,379700000A,A1-3281,仁人地產開發有限公司
臺北市,63000,379700000A,A1-3282,樸奕廣告股份有限公司
臺北市,63000,379700000A,A1-3283,海森廣告實業有限公司
臺北市,63000,379700000A,A1-3284,長紅國際地產有限公司
臺北市,63000,379700000A,A1-3285,強運不動產有限公司
臺北市,63000,379700000A,A1-3286,奇奕國際興業股份有限公司
臺北市,63000,379700000A,A1-3289,睦軒企業社
臺北市,63000,379700000A,A1-3290,洪圓建設股份有限公司
臺北市,63000,379700000A,A1-3291,雅泰廣告實業有限公司
臺北市,63000,379700000A,A1-3293,租仲點房屋股份有限公司
臺北市,63000,379700000A,A1-3294,志達房地產股份有限公司
臺北市,63000,379700000A,A1-3296,陽朔廣告股份有限公司
臺北市,63000,379700000A,A1-3298,山富廣告策劃行銷有限公司
臺北市,63000,379700000A,A1-3303,中華地產開發實業有限公司
臺北市,63000,379700000A,A1-3304,巨成國際開發股份有限公司
臺北市,63000,379700000A,A1-3306,賀成交股份有限公司
臺北市,63000,379700000A,A1-3307,蘑法瓶廣告有限公司
臺北市,63000,379700000A,A1-3309,嘉晴有限公司
臺北市,63000,379700000A,A1-3311,文樺行銷有限公司
臺北市,63000,379700000A,A1-3315,鈞驛廣告股份有限公司
臺北市,63000,379700000A,A1-3317,聖仁不動產股份有限公司
臺北市,63000,379700000A,A1-3318,壹壹陸不動產經紀業有限公司
臺北市,63000,379700000A,A1-3319,全國投資開發有限公司
臺北市,63000,379700000A,A1-3322,佶立不動產有限公司
臺北市,63000,379700000A,A1-3323,源泓投資股份有限公司
臺北市,63000,379700000A,A1-3324,品家不動產仲介有限公司
臺北市,63000,379700000A,A1-3326,程遠廣告股份有限公司
臺北市,63000,379700000A,A1-3327,透明行銷有限公司
臺北市,63000,379700000A,A1-3328,友寶資產管理有限公司
臺北市,63000,379700000A,A1-3331,齊東物業股份有限公司
臺北市,63000,379700000A,A1-3332,富鈺不動產有限公司
臺北市,63000,379700000A,A1-3333,圓冠不動產股份有限公司
臺北市,63000,379700000A,A1-3334,元均建築開發股份有限公司
臺北市,63000,379700000A,A1-3337,河狸創建股份有限公司
臺北市,63000,379700000A,A1-3338,華磐地產股份有限公司
臺北市,63000,379700000A,A1-3340,永欣不動產股份有限公司
臺北市,63000,379700000A,A1-3341,華晨開發行銷股份有限公司
臺北市,63000,379700000A,A1-3342,豐成國際開發有限公司
臺北市,63000,379700000A,A1-3343,立宸廣告有限公司
臺北市,63000,379700000A,A1-3347,日辰日安有限公司
臺北市,63000,379700000A,A1-3348,中華資產管理股份有限公司
臺北市,63000,379700000A,A1-3350,勵邦建設股份有限公司
臺北市,63000,379700000A,A1-3352,賦泰廣告股份有限公司
臺北市,63000,379700000A,A1-3354,沅沛房屋仲介有限公司
臺北市,63000,379700000A,A1-3356,尚揚國際不動產股份有限公司
臺北市,63000,379700000A,A1-3359,喬昱不動產仲介經紀有限公司
臺北市,63000,379700000A,A1-3362,凱樂恩不動產經紀有限公司
臺北市,63000,379700000A,A1-3364,安得仕股份有限公司
臺北市,63000,379700000A,A1-3366,大倉行銷有限公司
臺北市,63000,379700000A,A1-3367,耕元地產行銷股份有限公司
臺北市,63000,379700000A,A1-3368,鈞澤開發有限公司
臺北市,63000,379700000A,A1-3370,租寓平台股份有限公司
臺北市,63000,379700000A,A1-3373,大麥國際股份有限公司
臺北市,63000,379700000A,A1-3375,昱瑞不動產經紀有限公司
臺北市,63000,379700000A,A1-3376,寬悅不動產有限公司
臺北市,63000,379700000A,A1-3377,旭森廣告有限公司
臺北市,63000,379700000A,A1-3378,依飛特行銷管理顧問有限公司
臺北市,63000,379700000A,A1-3380,京東不動產有限公司
臺北市,63000,379700000A,A1-3382,凌群不動產有限公司
臺北市,63000,379700000A,A1-3385,晶山地產開發有限公司
臺北市,63000,379700000A,A1-3386,國泰建設股份有限公司
臺北市,63000,379700000A,A1-3387,蓉樺廣告有限公司
臺北市,63000,379700000A,A1-3388,敦聯開發有限公司
臺北市,63000,379700000A,A1-3389,富騰不動產有限公司
臺北市,63000,379700000A,A1-3390,全久國際有限公司
臺北市,63000,379700000A,A1-3392,麥特廣告股份有限公司
臺北市,63000,379700000A,A1-3393,麥捷廣告行銷股份有限公司
臺北市,63000,379700000A,A1-3394,大陞廣告有限公司
臺北市,63000,379700000A,A1-3395,柏鑫資產有限公司
臺北市,63000,379700000A,A1-3396,好悠不動產有限公司
臺北市,63000,379700000A,A1-3397,好事房產有限公司
臺北市,63000,379700000A,A1-3400,朝華不動產經紀有限公司
臺北市,63000,379700000A,A1-3402,長安房屋企業社
臺北市,63000,379700000A,A1-3403,玖居不動產顧問有限公司
臺北市,63000,379700000A,A1-3405,華誠國際地產顧問有限公司
臺北市,63000,379700000A,A1-3406,東森房屋股份有限公司
臺北市,63000,379700000A,A1-3410,禾豐好宅管理顧問股份有限公司
臺北市,63000,379700000A,A1-3411,樓宇資產管理顧問有限公司
臺北市,63000,379700000A,A1-3412,真正資產股份有限公司
臺北市,63000,379700000A,A1-3414,柏萊不動產實業股份有限公司
臺北市,63000,379700000A,A1-3415,威京國際行銷股份有限公司
臺北市,63000,379700000A,A1-3416,寶升資產管理有限公司
臺北市,63000,379700000A,A1-3420,新睿資產管理股份有限公司
臺北市,63000,379700000A,A1-3421,樂府行銷股份有限公司
臺北市,63000,379700000A,A1-3422,博鼎房屋仲介有限公司
臺北市,63000,379700000A,A1-3424,法蘭鑰地產行銷有限公司
臺北市,63000,379700000A,A1-3426,天奕房屋股份有限公司
臺北市,63000,379700000A,A1-3428,寬閱不動產有限公司
臺北市,63000,379700000A,A1-3429,豐盛房屋仲介有限公司
臺北市,63000,379700000A,A1-3432,凱炎不動產經紀股份有限公司
臺北市,63000,379700000A,A1-3433,喜柿資產管理有限公司
臺北市,63000,379700000A,A1-3434,細細生活網路科技股份有限公司
臺北市,63000,379700000A,A1-3435,環匯不動產顧問有限公司
臺北市,63000,379700000A,A1-3436,宸興不動產經紀有限公司
臺北市,63000,379700000A,A1-3437,豐隆謙有限公司
臺北市,63000,379700000A,A1-3439,碩盛國際不動產有限公司
臺北市,63000,379700000A,A1-3442,大心房屋有限公司
臺北市,63000,379700000A,A1-3443,金霖資產管理股份有限公司
臺北市,63000,379700000A,A1-3444,美地不動產開發有限公司
臺北市,63000,379700000A,A1-3445,晟業國際地產有限公司
臺北市,63000,379700000A,A1-3446,資點廣告有限公司
臺北市,63000,379700000A,A1-3447,蓉逸宏不動產仲介經紀有限公司
臺北市,63000,379700000A,A1-3448,呈寀有限公司
臺北市,63000,379700000A,A1-3449,稻盛不動產有限公司
臺北市,63000,379700000A,A1-3450,潤居實業股份有限公司
臺北市,63000,379700000A,A1-3452,金仕曼房屋有限公司
臺北市,63000,379700000A,A1-3453,永上宸股份有限公司
臺北市,63000,379700000A,A1-3454,新市鎮房屋有限公司
臺北市,63000,379700000A,A1-3455,?日不動產有限公司
臺北市,63000,379700000A,A1-3456,智軒開發有限公司
臺北市,63000,379700000A,A1-3460,金洲不動產租賃有限公司
臺北市,63000,379700000A,A1-3461,維德投資顧問股份有限公司
臺北市,63000,379700000A,A1-3462,鼎?廣告有限公司
臺北市,63000,379700000A,A1-3463,政悠廣告股份有限公司
臺北市,63000,379700000A,A1-3464,好室正居有限公司
臺北市,63000,379700000A,A1-3465,穩百世股份有限公司
臺北市,63000,379700000A,A1-3466,士瑢不動產經紀有限公司
臺北市,63000,379700000A,A1-3467,士商不動產有限公司
臺北市,63000,379700000A,A1-3470,安展實業股份有限公司
臺北市,63000,379700000A,A1-3472,幣愛睦喜國際管理顧問股份有限公司
臺北市,63000,379700000A,A1-3474,謙成不動產經紀股份有限公司
臺北市,63000,379700000A,A1-3475,眾億不動產有限公司
臺北市,63000,379700000A,A1-3476,第一商仲有限公司
臺北市,63000,379700000A,A1-3477,永佳不動產股份有限公司
臺北市,63000,379700000A,A1-3478,全地產開發股份有限公司
臺北市,63000,379700000A,A1-3480,鼎立房屋有限公司
臺北市,63000,379700000A,A1-3482,嘉喻國際地產有限公司
臺北市,63000,379700000A,A1-3483,銳齊不動產管理顧問有限公司
臺北市,63000,379700000A,A1-3484,圓疆不動產股份有限公司
臺北市,63000,379700000A,A1-3485,日晉不動產開發股份有限公司
臺北市,63000,379700000A,A1-3486,東京城市房地產投資股份有限公司
臺北市,63000,379700000A,A1-3487,樂橙房屋仲介有限公司
臺北市,63000,379700000A,A1-3488,拓安資產管理股份有限公司
臺北市,63000,379700000A,A1-3489,謙澄不動產股份有限公司
臺北市,63000,379700000A,A1-3491,寓誠資產管理有限公司
臺北市,63000,379700000A,A1-3492,金旺聖地產投資顧問有限公司
臺北市,63000,379700000A,A1-3493,藏家廣告有限公司
臺北市,63000,379700000A,A1-3494,樂馥實業股份有限公司
臺北市,63000,379700000A,A1-3495,全地產股份有限公司
臺北市,63000,379700000A,A1-3496,杰豪地產有限公司
臺北市,63000,379700000A,A1-3497,大力丸地產股份有限公司
臺北市,63000,379700000A,A1-3498,衛富達股份有限公司
臺北市,63000,379700000A,A1-3499,美好厝有限公司
臺北市,63000,379700000A,A1-3501,日商愛屋營不動產股份有限公司台灣分公司
臺北市,63000,379700000A,A1-3502,言鑫不動產有限公司
臺北市,63000,379700000A,A1-3503,玖柒實業有限公司
臺北市,63000,379700000A,A1-3504,普地不動產顧問有限公司
臺北市,63000,379700000A,A1-3505,寬趯不動產有限公司
臺北市,63000,379700000A,A1-3506,薩摩亞商新聯捷國際地產股份有限公司台灣分公司
臺北市,63000,379700000A,A1-3507,京安國際企業有限公司
臺北市,63000,379700000A,A1-3508,臺馬國際地產股份有限公司
臺北市,63000,379700000A,A1-3509,金鑰匙國際股份有限公司
臺北市,63000,379700000A,A1-3510,忠訓地產開發有限公司
臺北市,63000,379700000A,A1-3513,馥麗廣告有限公司
臺北市,63000,379700000A,A1-3514,格楓租屋管理顧問有限公司
臺北市,63000,379700000A,A1-3515,畢馬威不動產顧問股份有限公司
臺北市,63000,379700000A,A1-3516,聯登房屋仲介股份有限公司
臺北市,63000,379700000A,A1-3517,聚人社計有限公司
臺北市,63000,379700000A,A1-3519,群意嵩城不動產經紀有限公司
臺北市,63000,379700000A,A1-3520,上水廣告股份有限公司
臺北市,63000,379700000A,A1-3521,磐全地產有限公司
臺北市,63000,379700000A,A1-3522,房角石廣告事業有限公司
臺北市,63000,379700000A,A1-3523,創昱國際有限公司
臺北市,63000,379700000A,A1-3525,金都賀開發事業有限公司
臺北市,63000,379700000A,A1-3526,北大房屋有限公司
臺北市,63000,379700000A,A1-3527,真里不動產經紀有限公司
臺北市,63000,379700000A,A1-3528,富星不動產經紀有限公司
臺北市,63000,379700000A,A1-3529,星辰地產管理顧問有限公司
臺北市,63000,379700000A,A1-3530,唐昕空間設計有限公司
臺北市,63000,379700000A,A1-3531,大可廣告有限公司
臺北市,63000,379700000A,A1-3532,興盛房屋仲介有限公司
臺北市,63000,379700000A,A1-3533,品果開發有限公司
臺北市,63000,379700000A,A1-3534,弘浥不動產股份有限公司
臺北市,63000,379700000A,A1-3535,兆陞廣告股份有限公司
臺北市,63000,379700000A,A1-3538,怡世界國際移民事業有限公司
臺北市,63000,379700000A,A1-3539,任務置上國際顧問有限公司
臺北市,63000,379700000A,A1-3540,信羚不動產有限公司
臺北市,63000,379700000A,A1-3541,法揚知識整合顧問有限公司
臺北市,63000,379700000A,A1-3544,永兆豐管理顧問股份有限公司
臺北市,63000,379700000A,A1-3545,顧家租賃住宅服務股份有限公司
臺北市,63000,379700000A,A1-3547,永策不動產股份有限公司
臺北市,63000,379700000A,A1-3548,誠昕廣告股份有限公司
臺北市,63000,379700000A,A1-3549,上禾國際地產有限公司
臺北市,63000,379700000A,A1-3550,若暘地產開發股份有限公司
臺北市,63000,379700000A,A1-3551,匯承不動產仲介有限公司
臺北市,63000,379700000A,A1-3553,長昇不動產有限公司
臺北市,63000,379700000A,A1-3554,尊邸行銷廣告有限公司
臺北市,63000,379700000A,A1-3555,奇霖不動產有限公司
臺北市,63000,379700000A,A1-3556,東家國際地產有限公司
臺北市,63000,379700000A,A1-3557,信邦不動產顧問有限公司
臺北市,63000,379700000A,A1-3558,貝爾國際顧問股份有限公司
臺北市,63000,379700000A,A1-3560,亞士不動產有限公司
臺北市,63000,379700000A,A1-3561,新越不動產仲介經紀有限公司
臺北市,63000,379700000A,A1-3562,鼎富金不動產仲介有限公司
臺北市,63000,379700000A,A1-3563,台灣英倫房地產有限公司
臺北市,63000,379700000A,A1-3564,如方有限公司
臺北市,63000,379700000A,A1-3565,開店趣科技股份有限公司
臺北市,63000,379700000A,A1-3566,全居資產管理股份有限公司
臺北市,63000,379700000A,A1-3567,新聯信廣告股份有限公司
臺北市,63000,379700000A,A1-3568,新聯智廣告股份有限公司
臺北市,63000,379700000A,A1-3570,弘鉅廣告股份有限公司
臺北市,63000,379700000A,A1-3571,房感不動產科技股份有限公司
臺北市,63000,379700000A,A1-3572,御頂國際地產股份有限公司
臺北市,63000,379700000A,A1-3573,三益資產管理有限公司
臺北市,63000,379700000A,A1-3574,鑫群地產行銷有限公司
臺北市,63000,379700000A,A1-3576,泰揚國際地產有限公司
臺北市,63000,379700000A,A1-3578,上信開發建設股份有限公司
臺北市,63000,379700000A,A1-3579,展興不動產股份有限公司
臺北市,63000,379700000A,A1-3580,聯勝房地產有限公司
臺北市,63000,379700000A,A1-3582,新濬建設股份有限公司
臺北市,63000,379700000A,A1-3583,元益不動產有限公司
臺北市,63000,379700000A,A1-3585,慶馥廣告行銷有限公司
臺北市,63000,379700000A,A1-3586,朗居不動產有限公司
臺北市,63000,379700000A,A1-3587,明將不動產經紀股份有限公司
臺北市,63000,379700000A,A1-3589,聚彩不動產股份有限公司
臺北市,63000,379700000A,A1-3590,長鴻國際地產股份有限公司
臺北市,63000,379700000A,A1-3591,宇心建築股份有限公司
臺北市,63000,379700000A,A1-3592,信冠國際有限公司
臺北市,63000,379700000A,A1-3593,福川地產開發股份有限公司
臺北市,63000,379700000A,A1-3594,越仕達國際不動產股份有限公司
臺北市,63000,379700000A,A1-3595,祥程開發建設股份有限公司
臺北市,63000,379700000A,A1-3596,觀瑞有限公司
臺北市,63000,379700000A,A1-3597,精英房地產代銷有限公司
臺北市,63000,379700000A,A1-3598,富麗欣房屋仲介有限公司
臺北市,63000,379700000A,A1-3599,富士達廣告事業有限公司
臺北市,63000,379700000A,A1-3601,三業開發建設有限公司
臺北市,63000,379700000A,A1-3602,台灣恩寶有限公司
臺北市,63000,379700000A,A1-3603,良哲資產管理有限公司
臺北市,63000,379700000A,A1-3604,瀚築不動產仲介經紀業有限公司
臺北市,63000,379700000A,A1-3607,言成不動產有限公司
臺北市,63000,379700000A,A1-3608,榮太不動產股份有限公司
臺北市,63000,379700000A,A1-3609,宏寬開發建設股份有限公司
臺北市,63000,379700000A,A1-3610,齊心家居有限公司
臺北市,63000,379700000A,A1-3612,萬昌行銷廣告有限公司
臺北市,63000,379700000A,A1-3613,鈺錡地產有限公司
臺北市,63000,379700000A,A1-3614,富麗置地資產管理有限公司
臺北市,63000,379700000A,A1-3615,璞樸有限公司
臺北市,63000,379700000A,A1-3616,台灣精訊置地顧問有限公司
臺北市,63000,379700000A,A1-3617,傳達廣告有限公司
臺北市,63000,379700000A,A1-3620,台灣居璦科技股份有限公司
臺北市,63000,379700000A,A1-3621,千代田不動產有限公司
臺北市,63000,379700000A,A1-3624,欣碩廣告股份有限公司
臺北市,63000,379700000A,A1-3625,喜鵲房屋藝術行銷股份有限公司
臺北市,63000,379700000A,A1-3627,金谷房屋有限公司
臺北市,63000,379700000A,A1-3630,闕玥不動產有限公司
臺北市,63000,379700000A,A1-3631,宇鳴國際有限公司
臺北市,63000,379700000A,A1-3633,艾沛思環球物業顧問有限公司
臺北市,63000,379700000A,A1-3634,兆豐隆股份有限公司
臺北市,63000,379700000A,A1-3635,璞匯廣告股份有限公司
臺北市,63000,379700000A,A1-3637,耀杰商用不動產有限公司
臺北市,63000,379700000A,A1-3639,康達盛通公寓大廈管理維護股份有限公司
,,,A1-3640,喜田建設股份有限公司
,,,A1-3642,熊大行銷有限公司
,,,A1-3644,京旺全方位不動產有限公司
,,,A1-3645,享寓國際有限公司
,,,A1-3646,山迎不動產股份有限公司
,,,A1-3647,富尊開發股份有限公司
,,,A1-3648,長富國際資產顧問有限公司
,,,A1-3652,歐亞國際地產有限公司
,,,A1-3653,日商最新不動產情報股份有限公司台灣分公司
,,,A1-3654,田元環境永續股份有限公司
,,,A1-3655,新星國際地產有限公司
,,,A1-3656,嘉城地產股份有限公司
,,,A1-3657,鴻億開發股份有限公司
,,,A1-3658,森庭開發有限公司
,,,A1-3659,心巢房屋股份有限公司
,,,A1-3661,幸安地產有限公司
,,,A1-3663,諾締不動產事業股份有限公司
,,,A1-3664,力群不動產經紀有限公司
,,,A1-3665,宏悅不動產代銷有限公司
,,,A1-3666,水蓮房屋仲介有限公司
,,,A1-3667,琠儱實業有限公司
,,,A1-3668,創新力地產有限公司
,,,A1-3669,杰芬有限公司
,,,A1-3670,家豪國際不動產股份有限公司
,,,A1-3671,金志不動產有限公司
,,,A1-3672,家盛房屋仲介有限公司
,,,A1-3673,奇葩數位廣告股份有限公司
,,,A1-3674,合偕開發股份有限公司
,,,A1-3675,立信房屋開發有限公司
,,,A1-3677,熊本未來股份有限公司
,,,A1-3678,東京明豐開發股份有限公司
,,,A1-3679,荷實創意有限公司
,,,A1-3680,元宇宙數位有限公司
,,,A1-3681,聯陸廣告股份有限公司
,,,A1-3682,健盈不動產股份有限公司
,,,A1-3683,泰瑀行銷股份有限公司
,,,A1-3684,堡誠不動產仲介經紀有限公司
,,,A1-3685,邑易專案開發股份有限公司
,,,A1-3686,合縱連橫國際地產有限公司
,,,A1-3690,天福不動產有限公司
,,,A1-3691,鑫安住有限公司
,,,A1-3693,錡鈜有限公司
,,,A1-3694,丰晟開發建設有限公司
,,,A1-3695,宇格廣告有限公司
,,,A1-3696,山明國際地產有限公司
,,,A1-3697,珍璽顧問股份有限公司
,,,A1-3698,禾晟廣告有限公司
,,,A1-3699,天邸廣告有限公司
,,,A1-3700,眾富金不動產仲介有限公司
,,,A1-3701,雲起時不動產有限公司
,,,A1-3703,富品樂居有限公司
,,,A1-3704,利至行銷有限公司
,,,A1-3706,台灣大和開發實業股份有限公司
,,,A1-3708,合程國際地產股份有限公司
,,,A1-3709,環宇不動產仲介經紀有限公司
,,,A1-3711,兌懷泰橋雋台灣有限公司
,,,A1-3712,員守不動產經紀有限公司
,,,A1-3713,驥安國際地產有限公司
,,,A1-3716,銓浚租屋有限公司
,,,A1-3717,閎恩不動產有限公司
,,,A1-3718,璞於廣告股份有限公司
,,,A1-3719,發財不動產股份有限公司
,,,A1-3720,司達顧問股份有限公司
,,,A1-3721,翃福不動產經紀有限公司
,,,A1-3722,寬?不動產有限公司
,,,A1-3723,寬岳不動產有限公司
,,,A1-3725,匯幸資產管理有限公司
,,,A1-3726,幸福空間股份有限公司
,,,A1-3729,家創無限國際有限公司
,,,A1-3731,容逸寶不動產仲介經紀有限公司
,,,A1-3736,至匯日本房屋股份有限公司
,,,A1-3737,信寓房屋股份有限公司
,,,A1-3739,樂見行銷股份有限公司
,,,A1-3740,青邸置業國際不動產有限公司
,,,A1-3744,谷町君有限公司
,,,A1-3763,晶晟不動產顧問有限公司
