行政區,分區,筆數,建蔽率/百分比,容積率上限/百分比,面積/平方公尺
中山區,住宅區,18,40,160,218334.6
中山區,第三種住宅區,471,45,225,1579600.5
中山區,第三之一種住宅區,16,45,300,44524.9
中山區,第三之二種住宅區,94,45,400,173409.6
中山區,第四種住宅區,28,50,300,73160.3
中山區,住商混合區,7,40,160,54152.5
中山區,第三種住宅區(特),3,45,225,3853.3
中山區,第三之一種住宅區(特),8,45,225,26218.5
中山區,第三之二種住宅區(特),2,45,400,4416.5
中山區,第一種商業區,3,55,360,10400.3
中山區,第一種商業區(特),1,45,225,3146.55
中山區,第二種商業區,16,65,630,52299.8
中山區,第二種商業區(特),83,45,225,156222.2
中山區,第三種商業區,55,65,560,174787.3
中山區,第三種商業區(特),296,45,225,599526.6
中山區,第四種商業區(特),170,45,225,643885.9
中山區,商業用地,5,70,560,5359.4
中山區,聯合開發區,10,,,13621
中山區,第三種商業區(特)(遷),1,45,250,505.49
中山區,商業區,12,50,200,204191.1
中山區,第參種工業區,2,55,300,147448.1
中山區,汽車修護展售工業區,7,45,200,51762.5
中山區,汽車修護展售工業區(特),1,45,200,2315.35
中山區,軍事機關用地,1,,,734.17
中山區,社會福利設施用地,1,,,954.84
中山區,消防用地,1,,,720.69
中山區,行政區,2,35,400,329416.5
中山區,機關用地,17,,,434073.3
中山區,社福及機關用地(供本府及相關單位公務使用),6,,,7343.8
中山區,機關及社會福利設施用地,1,,,2882.63
中山區,社福及機關用地,1,,,9400.48
中山區,文教區,4,,,41105.5
中山區,學校用地,1,,,1830.63
中山區,大學用地,1,,,17605.64
中山區,國小用地,12,0,225,217592
中山區,國中用地,6,0,225,129146.2
中山區,風景區,8,15,60,46253.3
中山區,高中用地,2,0,240,96975.1
中山區,大專用地,3,,,40013.9
中山區,農業區,11,,,100858.5
中山區,保護區,6,,,571640
中山區,保存區,3,,,8878.6
中山區,行水區,7,,,725041.7
中山區,體育場用地,1,,,1973.64
中山區,綠地用地,27,,,38929.1
中山區,公園用地,84,,,757162.2
中山區,市場用地,12,,,30273.3
中山區,批發市場用地,2,60,300,29320.9
中山區,廣場用地,2,,,4563
中山區,停車場用地,5,,,14007.3
中山區,污水處理場用地,2,,,50603.6
中山區,車站用地,5,,,37484.1
中山區,交通用地,21,,,33728.6
中山區,娛樂區,11,60,250,191120.9
中山區,電信專用區,1,,,4602.93
中山區,自來水事業用地,1,,,404.66
中山區,宗教特定專用區,1,,,1330.6
中山區,中央各軍事學校同學會館建築用地,1,,,1239.1
中山區,變電所用地,10,40,400,16779
中山區,殯儀館用地,1,40,120,21294.03
中山區,文化特定專用區,2,,,41122.7
中山區,堤防用地,3,,,11519.9
中山區,會展特定專用區,1,60,280,60356.98
中山區,鐵路用地,1,,,1.24
中山區,人行步道用地,2,,,400.5
中山區,公車調度站用地,1,40,200,3838.31
中山區,高速公路用地,3,,,258910.2
中山區,轉運站用地,1,40,200,14260.49
中山區,加油站用地,2,40,200,3055.2
中山區,機場邊緣特定專用區,2,,,11649.3
中山區,污水抽水站用地,1,,,24262.52
中山區,護坡用地,1,,,273.27
中山區,抽水站用地,12,,,55361.8
中山區,機場用地,7,,,63257.1
中山區,擋土牆護坡用地,2,,,1359.4
中山區,郵政用地,3,40,400,1255.1
中山區,河川區,16,,,573973.9
中正區,第三種住宅區,489,45,225,1298706
中正區,第三之一種住宅區,125,45,300,194490.3
中正區,第三之二種住宅區,61,45,400,112584.8
中正區,第四種住宅區,16,50,300,26307.2
中正區,第三種住宅區(特),17,45,225,27685.5
中正區,第三之二種住宅區(特),4,45,400,6319.8
中正區,第三之一種住宅區(特),9,45,300,14912.8
中正區,第一種商業區(特),2,45,225,6650.2
中正區,第二種商業區,42,65,630,61990.8
中正區,第二種商業區(特),2,45,225,1210.2
中正區,第三種商業區,7,65,560,33567.6
中正區,第三種商業區(特),164,45,225,329172.7
中正區,第四種商業區,65,75,800,302290.6
中正區,第四種商業區(特),1,75,400,2000.2
中正區,商業用地,6,70,560,14319.1
中正區,聯合開發區,6,,,33582.5
中正區,捷運開發區,4,55,300,3999.8
中正區,機關用地,25,,,140836.6
中正區,行政專用區,6,50,400,102609.4
中正區,醫院用地,3,,,12525.4
中正區,醫療及衛生用地,1,40,400,40810.13
中正區,行政區,23,35,400,340302.5
中正區,醫療用地,1,,,33917.77
中正區,社福及機關用地,6,,,9621.7
中正區,文教區,6,,,40249.3
中正區,國中用地,5,0,225,92285.6
中正區,高中用地,3,0,240,105819.7
中正區,國小用地,7,0,225,106749.5
中正區,社教用地,1,,,5484.82
中正區,大專用地,4,,,177776.3
中正區,台灣大學用地,1,40,240,23786.67
中正區,大學用地,1,,,67862.57
中正區,保護區,1,,,88398.41
中正區,保存區,18,,,43808.6
中正區,寺廟專用區,1,,,1343.3
中正區,古蹟用地,1,,,2736.03
中正區,聚落風貌保存專用區,2,45,225,5492.4
中正區,公園用地,30,,,324154.1
中正區,體育場用地,1,,,3764.83
中正區,綠地用地,12,,,20153.9
中正區,市場用地,7,,,16164.9
中正區,交通廣場用地,8,,,73352.9
中正區,廣場用地,4,,,33061.9
中正區,人行步道用地,3,,,535.1
中正區,學校及郵政用地,1,,,3586.77
中正區,文化觀光專用區,2,65,560,6464.5
中正區,變電所用地,2,40,400,3606.4
中正區,電信用地,4,40,400,43841.1
中正區,加油站用地,3,40,200,4027.1
中正區,停車場用地,5,,,4592.8
中正區,博物館特定專用區,1,80,400,54.1
中正區,創意文化專用區,1,12,60,72238.78
中正區,郵政用地,3,40,400,2932.9
中正區,中正紀念堂用地,1,,,249435.54
中正區,資訊產業專用區,13,45,400,47572.8
中正區,自來水廠用地,2,,,113099.4
中正區,郵政電信用地,2,,,10268.5
中正區,歷史聚落風貌特定專用區,1,,,21252.39
中正區,鐵路用地,1,,,23.24
中正區,河川區,17,,,433110.7
中正區,交通用地,26,,,41378
中正區,轉運站用地,1,,,1533.2
中正區,堤防用地,2,,,23584.6
萬華區,第三種住宅區,223,45,225,1064071.3
萬華區,第三之一種住宅區,36,45,300,112324.2
萬華區,第三之二種住宅區,20,45,400,68031.3
萬華區,第四種住宅區,29,50,300,81317.3
萬華區,第四之一種住宅區,12,50,400,22457.4
萬華區,第三之二種住宅區(特),9,45,225,35583.3
萬華區,第三種住宅區(特),1,40,375,5114.14
萬華區,第四種住宅區(特),1,40,450,3886.6
萬華區,第三之一種住宅區(特),1,40,375,2128.29
萬華區,特定專用區(二),15,40,300,52065.3
萬華區,特定專用區(一),25,50,300,82326
萬華區,第三種住宅區(特)(遷),5,45,250,19917.5
萬華區,第一種商業區,1,55,360,8233.89
萬華區,第一種商業區(特),19,45,300,59229.5
萬華區,第三種商業區,47,65,560,137603.4
萬華區,第三種商業區(特),77,45,225,148933
萬華區,第四種商業區,126,75,800,383326.3
萬華區,第四種商業區(特),27,65,560,87283.5
萬華區,捷運開發區,1,0,225,421.66
萬華區,機關用地,15,,,22089.2
萬華區,社福及機關用地,1,,,2803.28
萬華區,文教區,3,0,225,10936.2
萬華區,高中用地,1,0,240,38499.02
萬華區,國中用地,5,0,225,110467.7
萬華區,國小用地,12,0,225,204976
萬華區,大專用地,2,0,240,12082.5
萬華區,保存區,4,,,12419
萬華區,排水溝用地,1,,,1795.85
萬華區,綠地用地,4,,,1702.9
萬華區,公園用地,30,,,306372
萬華區,批發市場用地,2,75,300,82701.1
萬華區,市場用地,5,,,10000.7
萬華區,廣場用地,4,,,14717.8
萬華區,捷運系統用地,1,,,260.18
萬華區,抽水站用地,3,,,7078.8
萬華區,公共服務設施用地,1,40,400,1191.29
萬華區,電信用地,1,40,400,5129.66
萬華區,污水處理場用地,1,,,907.66
萬華區,加油站用地,3,40,200,1819.1
萬華區,鐵路用地,6,,,26748.2
萬華區,變電所用地,5,40,400,7767.7
萬華區,郵政用地,6,40,400,1094.5
萬華區,交通用地,6,,,24396.9
萬華區,特定專用區,1,,,36680.26
萬華區,人行步道用地,2,,,1253.2
萬華區,停車場用地,3,,,15823.3
萬華區,河川區,21,,,2756142.1
松山區,第三種住宅區,304,45,225,1338150.2
松山區,第三之一種住宅區,41,45,300,91046.5
松山區,第三之二種住宅區,13,45,400,38141
松山區,住宅用地,101,50,200,585100.6
松山區,第三種住宅區(特),5,45,225,20211.4
松山區,第三之一種住宅區(特),20,45,225,77420.5
松山區,第二種商業區,9,65,630,29765.5
松山區,第三種商業區,34,65,560,150686.6
松山區,第三種商業區(特),127,45,225,325778.4
松山區,聯合開發區,4,65,630,4404.9
松山區,第貳種工業區,2,45,200,1569.9
松山區,第參種工業區,4,55,300,12824.8
松山區,消防用地,1,,,738.37
松山區,醫療用地,1,,,53968.3
松山區,公共建築用地,2,,,7335.2
松山區,機關用地,12,,,36327.3
松山區,文教區,5,,,15370.7
松山區,高中用地,2,0,240,20637
松山區,國中用地,6,0,225,95980.8
松山區,國小用地,8,0,225,140054.1
松山區,農業區,1,,,9957.87
松山區,保存區,1,,,1759.88
松山區,排水溝用地,4,,,14200.2
松山區,公園廣場用地,1,,,8122.33
松山區,體育場用地,1,,,111103.2
松山區,公園用地,63,,,192357.2
松山區,綠地用地,2,,,3700.7
松山區,市場用地,7,,,15932.2
松山區,廣場用地,2,,,1685.8
松山區,機場用地,4,,,2237461.2
松山區,交通用地,8,,,8359.5
松山區,金融服務專用區,3,45,225,17769.7
松山區,敦化南北路特定專用區(B區),30,45,400,87654
松山區,敦化南北路特定專用區(A區),24,45,400,109765.8
松山區,變電所用地,4,40,400,11879
松山區,郵政用地,3,40,400,5407.1
松山區,河川區,14,,,935568.7
松山區,加油站用地,2,40,200,3276.5
松山區,鐵路用地,6,,,19925.6
松山區,高速公路用地,2,,,134317.4
松山區,電信用地,2,40,400,7488.9
松山區,抽水站用地,4,,,4162.1
松山區,停車場用地,4,,,16647.9
松山區,特定專用區,5,,,86746.8
松山區,國際事務及公共服務特定專用區,1,,,13961.9
松山區,自來水加壓站用地,1,,,2656.87
松山區,污水處理場用地,1,,,8561.68
大安區,第二種住宅區,2,35,120,52.1
大安區,第三種住宅區,640,45,225,2007632.1
大安區,第三之一種住宅區,74,45,300,128938.6
大安區,第三之二種住宅區,81,45,400,156226.5
大安區,第四種住宅區,164,50,300,561590.2
大安區,第四之一種住宅區,14,50,400,19981.7
大安區,第三種住宅區(特)(遷),19,45,250,41654.3
大安區,第三之二種住宅區(特),1,45,400,1708.44
大安區,第四種住宅區(特),4,50,300,5437.8
大安區,第三之一種住宅區(特),16,45,225,34716.1
大安區,第四之一種住宅區(特),14,50,300,52409.2
大安區,第三種住宅區(特),24,45,225,19751.3
大安區,第一種商業區,9,55,360,9685.1
大安區,第一種商業區(特),4,45,225,7403.9
大安區,第二種商業區,3,65,630,1404.1
大安區,第三種商業區(特),289,65,630,558844.9
大安區,第四種商業區(特),61,50,300,135937.8
大安區,聯合開發區,6,65,630,5680.9
大安區,第三種商業區(特)(遷),20,45,250,39597.7
大安區,社福及機關用地(供本府及相關單位公務使用),2,,,1778.8
大安區,軍事機關用地,6,40,400,208520.2
大安區,機關用地,14,,,74891.7
大安區,警察局用地,1,40,400,361.24
大安區,警所用地,1,,,928.65
大安區,社福及機關用地,1,,,3586.99
大安區,醫療用地,1,,,14827.76
大安區,機關用地兼供社會福利設施使用,2,,,4418.6
大安區,社會福利設施用地,1,,,3206.98
大安區,文教區,10,,,37559.2
大安區,台灣大學用地,1,40,240,2217.81
大安區,大專用地,13,,,1467219.1
大安區,高職用地,1,,,44201.12
大安區,高中用地,2,0,240,122364.6
大安區,文教用地,1,,,21589.67
大安區,國小用地,13,0,225,291927
大安區,國中用地,7,0,225,136148
大安區,學校用地,8,,,94754.4
大安區,保護區,14,,,660861.6
大安區,聚落風貌保存專用區,4,45,225,3809
大安區,古蹟保存區用地,2,,,3339.1
大安區,保存區,2,,,1822.4
大安區,排水溝用地,1,,,543.01
大安區,綠地用地,9,,,7398.4
大安區,公園用地,75,,,630058.2
大安區,市場用地,11,,,21212.9
大安區,廣場用地,2,,,5277.6
大安區,交通用地,21,,,30887.8
大安區,殯葬設施用地,4,45,180,30576.3
大安區,敦化南北路特定專用區(B區),64,50,300,144824.4
大安區,高速公路用地,3,,,194305.4
大安區,電信用地,3,40,400,33168.5
大安區,加油站用地,2,40,200,2129.5
大安區,停車場用地,9,,,13757.2
大安區,敦化南北路特定專用區(A區)(遷),1,45,225,309.85
大安區,特定專用區,8,60,225,46133.7
大安區,自來水廠用地,3,,,82709.6
大安區,隧道用地,1,,,1.22
大安區,鐵路用地,6,,,53361.6
大安區,變電所用地,6,40,400,11908
大安區,郵政用地,3,40,400,25213.4
大安區,敦化南北路特定專用區(A區),97,50,400,158102.2
信義區,住宅區,48,40,200,214359.1
信義區,第一種住宅區,10,30,60,38468
信義區,第二種住宅區,32,35,120,160490.2
信義區,第三種住宅區,415,45,225,1734432.6
信義區,第三之一種住宅區,59,45,300,122557.1
信義區,第三之二種住宅區,1,45,400,3615.01
信義區,第四種住宅區,33,50,300,117832
信義區,第四之一種住宅區,5,50,400,13651.3
信義區,第四種住宅區(特),8,,,10668.9
信義區,第三之一種住宅區(特),3,45,300,5414.4
信義區,第四之一種住宅區(特),10,,,16561.6
信義區,第三種住宅區(特)(遷),28,45,250,66176.3
信義區,第三種住宅區(特),20,45,225,100084.2
信義區,第二種商業區,10,65,630,32981.1
信義區,第二種商業區(特),16,45,225,59167.9
信義區,第三種商業區,4,65,560,6267.6
信義區,第三種商業區(特),129,65,630,271770.1
信義區,一般商業區,11,0,450,72357.6
信義區,特定業務區,53,0,450,222562.2
信義區,捷運開發區,3,,,7691.2
信義區,業務設施區,11,50,560,177934.2
信義區,第參種工業區,3,55,300,206970.3
信義區,消防用地,1,70,300,2748.15
信義區,社福及機關用地(供本府及相關單位公務使用),2,,,4349.8
信義區,警察機關用地,1,,,1520.36
信義區,機關用地兼供社會福利設施使用,1,,,5145.8
信義區,醫療用地,1,,,151882.09
信義區,機關用地,16,,,184782.8
信義區,文教區,1,,,16086.99
信義區,國小用地,8,40,200,170925.3
信義區,學校用地,1,,,1439.08
信義區,國中用地,4,40,200,108430.9
信義區,高中用地,2,,,82889.7
信義區,高職用地,5,40,240,104377.7
信義區,保護區,17,,,638416.5
信義區,排水溝用地,14,,,19039.4
信義區,公園用地,91,,,472658.1
信義區,綠地用地,49,,,42720.5
信義區,市場用地,12,,,16227.1
信義區,廣場用地,11,,,87065.9
信義區,變電所用地,4,40,400,10013.3
信義區,高速公路用地,1,,,20769.74
信義區,沉砂池用地,2,,,6139.4
信義區,鐵路用地,3,,,10301.7
信義區,宗教特定專用區,1,,,14320.12
信義區,加油站用地,1,40,200,516.89
信義區,防洪蓄水池用地,1,,,10044.96
信義區,公共服務特定專用區,1,35,350,64047.04
信義區,調度站用地,1,,,5636.07
信義區,防洪調節池用地,1,,,941.33
信義區,護坡用地,5,,,41172.7
信義區,隧道用地,3,,,11962.3
信義區,特定專用區,1,,,180644.7
信義區,捷運系統用地,3,,,1930.5
信義區,抽水站用地,1,,,220
信義區,人行步道用地,40,,,44744.6
信義區,郵政用地,2,40,400,261.8
信義區,停車場用地,2,,,1269.6
信義區,交通用地,21,,,51180
信義區,公車調度站用地,1,40,200,9180.37
信義區,車站用地,1,40,400,16297.85
信義區,捷運系統用地(兼供道路使用),3,,,505.1
信義區,電信用地,1,40,400,3621.24
信義區,娛樂設施區,3,50,560,26988.5
信義區,幼稚園及托兒所用地,1,,,985.05
南港區,住宅區,23,60,300,241368.6
南港區,第一種住宅區,2,30,60,6109.3
南港區,第二種住宅區,32,35,120,183772.6
南港區,第三種住宅區,173,45,225,768453.7
南港區,第三之一種住宅區,4,45,300,12593
南港區,第三之二種住宅區,14,45,400,33483.2
南港區,住商混合區,5,40,175,42214.6
南港區,住宅區(特),6,,,49569.6
南港區,專案住宅區,1,40,160,27170.27
南港區,第三種住宅區(特),11,45,225,41704.8
南港區,第一種商業區,11,55,360,46791.2
南港區,第一種商業區(特),9,45,300,21001.6
南港區,第三種商業區,9,65,560,57817.1
南港區,第三種商業區(特),16,45,225,115297.5
南港區,特定商業區,16,55,353,152532.6
南港區,商業區,17,60,310,283651.7
南港區,第貳種工業區,8,45,200,139263.9
南港區,第參種工業區,17,55,300,335429.1
南港區,軟體工業園區（供軟體工業使用）,1,60,360,82142.47
南港區,策略型工業區,15,55,300,140783.4
南港區,機關用地,35,,,2483747.1
南港區,衛福及機關用地,1,,,9516.86
南港區,社福及機關用地,2,,,16654.4
南港區,醫療用地,1,,,9264.1
南港區,機關及社會福利設施用地,1,40,400,2842.46
南港區,文教區,3,,,55957.3
南港區,高職用地,1,0,240,93539.69
南港區,國中用地,3,,,87372
南港區,國小用地,8,0,225,173751.8
南港區,高中用地,1,0,240,25996.94
南港區,農業區,6,,,33211.3
南港區,保護區,23,,,11808538
南港區,寺廟專用區,1,,,385.21
南港區,溝渠用地,1,,,165.36
南港區,河道用地,11,,,147125.4
南港區,排水溝用地,6,,,6379.6
南港區,體育場用地,1,,,8724.76
南港區,綠地用地,30,,,81980.7
南港區,公園用地,42,,,596853.8
南港區,兒童遊樂場用地,5,,,10424.9
南港區,市場用地,7,,,17468.7
南港區,廣場用地,3,,,5712.2
南港區,垃圾處理場用地,3,,,630438.3
南港區,道路護坡用地,27,,,23530
南港區,交通用地,20,,,161076.2
南港區,生技產業特定專用區,1,40,400,13565.13
南港區,捷運機廠用地,1,,,71128
南港區,高速公路用地,4,,,507475.1
南港區,人行步道用地,2,,,2345.3
南港區,產業特定專用區(一),1,,,1893.42
南港區,轉運站用地,2,,,11203.5
南港區,鐵路用地,1,,,4970.32
南港區,電信用地,1,40,400,1584.8
南港區,抽水站用地,17,,,20991
南港區,特定專用區,2,65,235,34641.8
南港區,郵政用地,2,40,400,614.7
南港區,河川區,18,,,403507.6
南港區,道路用地,3,,,2728.3
南港區,軍人公墓用地,1,,,235836.26
南港區,加油站用地,2,40,200,2996
南港區,變電所用地,3,40,400,10630.2
南港區,車站用地,2,,,23962.5
南港區,公墓用地,2,15,150,653.5
南港區,護坡用地,17,,,11049.5
南港區,產業特定專用區(一)(工),1,,,6541.85
南港區,產業生活特定專用區(一)(住),1,,,4574.43
南港區,產業特定專用區(二)(工),1,,,1754.2
南港區,調度站用地,3,,,5059
南港區,停車場用地,6,,,12501.1
南港區,自來水事業用地,1,,,44.8
內湖區,住宅區,13,45,225,107557.1
內湖區,第二種住宅區,180,35,120,1041512.9
內湖區,第二之二種住宅區,1,35,225,2377.72
內湖區,第三種住宅區,475,45,225,2384260
內湖區,第三之一種住宅區,56,45,300,129125.9
內湖區,第三之二種住宅區,1,45,400,3041.48
內湖區,住商混合區,3,40,225,13531.8
內湖區,第三之一種住宅區(特),1,45,300,900.59
內湖區,專案住宅區,1,40,160,65468.44
內湖區,第二之一種住宅區(特),10,35,225,26377.1
內湖區,第三種住宅區(特),6,45,254,27511.3
內湖區,第一種商業區,21,55,360,60826.6
內湖區,第一種商業區(特),14,35,120,39185.6
內湖區,第三種商業區,23,65,560,108015.2
內湖區,第三種商業區(特),25,45,300,104056.2
內湖區,工商服務展售區,2,50,225,23919.4
內湖區,工商混合區,2,50,225,37828.8
內湖區,辦公服務區(一),2,60,360,48102
內湖區,商業區,2,60,200,12894.7
內湖區,辦公服務區(二),3,40,225,43101.1
內湖區,第貳種工業區,4,45,200,93707.7
內湖區,第參種工業區,11,55,300,167522.7
內湖區,科技工業區(A區),45,55,300,687960.3
內湖區,科技工業區,23,50,215,346667
內湖區,科技工業區(C區),26,50,200,421541.8
內湖區,科技工業區(D區),10,40,200,237420.3
內湖區,科技工業區(B區)(特),1,45,200,4437.96
內湖區,科技工業區(B區),10,45,200,168183.4
內湖區,醫療專用區,1,40,400,7377.44
內湖區,機關用地,30,,,597889.2
內湖區,社福及機關用地,1,,,15111.77
內湖區,機關及社會福利設施用地,1,40,200,2747.68
內湖區,社會福利設施用地,1,,,21570.81
內湖區,社會福利設施及機關用地,1,40,400,4840.2
內湖區,文教區,12,,,104920
內湖區,私立德明商專學校用地,6,40,240,35932.4
內湖區,私立文德女中學校用地,1,,,10046.77
內湖區,私立西湖工商學校用地,1,40,240,14955.25
內湖區,高中用地,3,,,115376.7
內湖區,國中用地,7,40,225,190782.6
內湖區,國小用地,15,40,225,298445.2
內湖區,學校用地,1,40,240,37595.86
內湖區,復興劇校學校用地,2,,,28336.9
內湖區,農業區,2,,,92788.1
內湖區,保護區,23,,,15463397.3
內湖區,保存區,1,,,2452.37
內湖區,行水區,2,,,156615
內湖區,排水溝用地,2,,,1075.5
內湖區,河道用地,3,,,1807.1
內湖區,公園綠地,7,,,48406.1
內湖區,綠地用地,33,,,93117.1
內湖區,體育場用地,3,,,66013.9
內湖區,公園用地,115,,,2678028.8
內湖區,市場用地,18,,,38441.7
內湖區,批發市場用地,2,75,200,28753
內湖區,廣場用地,5,,,7493.5
內湖區,產業支援設施用地,2,40,400,37426.3
內湖區,公共服務設施用地,1,40,400,6115.65
內湖區,捷運系統用地(兼供道路使用),1,,,694.83
內湖區,電力設施用地,36,,,37749.7
內湖區,隧道用地,6,,,16298
內湖區,變電所用地,3,40,400,7818.7
內湖區,道路護坡用地,8,,,11069.5
內湖區,電信專用區,1,40,200,4298.96
內湖區,高速公路用地,12,,,485495.9
內湖區,產業支援專用區,1,40,240,20069.84
內湖區,煤氣公用事業用地,2,40,300,38173.4
內湖區,污水處理場用地,3,,,80442.9
內湖區,防洪調節池用地,4,,,72024.1
內湖區,郵政用地,4,40,400,5233.3
內湖區,公墓用地,3,15,150,48320.2
內湖區,交通用地,15,,,62695.9
內湖區,抽水站用地,5,,,28367.4
內湖區,人行步道用地,3,,,2762.5
內湖區,電信用地,2,40,400,17043.3
內湖區,金融資訊專用區,1,,,3135.64
內湖區,自來水事業用地,1,,,17404.56
內湖區,露營場專用區,1,,,69626.8
內湖區,護坡用地,5,,,9418.6
內湖區,河川區,38,,,853964.2
內湖區,污水抽水站用地,1,,,2180.48
內湖區,調度站用地,1,,,6001.72
內湖區,公車調度站用地,1,40,200,9940.17
內湖區,停車場用地,15,80,0,38718.3
內湖區,垃圾處理場用地,1,,,81475.94
內湖區,加油站用地,3,40,200,6570.7
內湖區,捷運系統用地,2,,,6340.9
內湖區,堤防用地,1,,,0.03
大同區,第三種住宅區,124,45,225,400836.2
大同區,第三之一種住宅區,15,45,300,26935.6
大同區,第三之二種住宅區,19,45,400,28956.7
大同區,第四種住宅區,111,50,300,317897.5
大同區,第四之一種住宅區,21,50,400,42788.9
大同區,特定專用區(四)(供河濱住宅使用),10,60,400,26340.7
大同區,住宅區(特),1,55,350,8542.9
大同區,特定專用區(三)(供住宅使用),19,60,300,65897.5
大同區,第三種住宅區(特)(遷),1,45,250,3456.8
大同區,第一種商業區,1,55,360,9850.06
大同區,第一種商業區(特),7,45,225,14806.7
大同區,第二種商業區(特),10,50,300,20258.6
大同區,第三種商業區,186,65,560,565677.3
大同區,第三種商業區(特),87,65,560,150088.2
大同區,特定專用區(供特定商業使用),13,80,560,60626.1
大同區,特定專用區(供一般商業使用),33,80,560,107472
大同區,商業用地,2,70,560,11673.3
大同區,捷運開發區,1,50,300,2823.65
大同區,聯合開發區,3,,,4471.3
大同區,第參種工業區,2,55,300,8253.9
大同區,機關及社會福利設施用地,1,40,400,1307.77
大同區,醫院用地,1,,,21406.62
大同區,機關用地,18,,,39521.6
大同區,社教機構用地,1,,,13405.7
大同區,文教區,2,40,240,7162.5
大同區,學校用地,1,0,200,25808.7
大同區,高中用地,1,0,240,20237.1
大同區,國中用地,6,0,225,115110.1
大同區,國小用地,9,0,225,199666.2
大同區,保存區,5,,,19293.6
大同區,排水溝用地,1,,,146.9
大同區,公園用地,23,,,85267.3
大同區,綠地用地,7,,,5128.5
大同區,市場用地,6,,,26959.4
大同區,文化廣場用地,1,,,1743.34
大同區,廣場用地,10,,,12303.7
大同區,交通廣場用地,6,,,13186.1
大同區,加油站用地,1,40,200,939.15
大同區,堤防用地,1,,,5.32
大同區,甬道,1,,,88.73
大同區,污水處理場用地,2,,,102456.4
大同區,停車場用地,2,,,2098.4
大同區,交通用地,17,,,86734.1
大同區,人行步道用地,4,,,1157.3
大同區,高速公路用地,2,,,241593.5
大同區,河川區,21,,,724346.1
大同區,郵政用地,2,40,400,394.4
大同區,變電所用地,2,40,400,3016.4
大同區,轉運站用地,1,,,19611.33
大同區,特定專用區,1,,,27699.51
大同區,博物館特定專用區,2,80,400,15706.9
大同區,電信專用區,1,,,1899.5
大同區,抽水站用地,1,,,1100.51
文山區,住宅區,1,,,12609.6
文山區,第一種住宅區,1,30,60,2.84
文山區,第二種住宅區,163,35,120,2287875.5
文山區,第三種住宅區,523,45,225,2476217.9
文山區,第三之一種住宅區,16,45,300,26618.8
文山區,第三之二種住宅區,1,45,400,1504.54
文山區,第四種住宅區,24,50,300,150841.8
文山區,第壹類住宅用地,3,30,60,43558.8
文山區,第貳類住宅用地,14,35,120,143830.6
文山區,第參類住宅用地,18,50,225,77435.2
文山區,第三種住宅區(特),21,35,120,85735.5
文山區,第一種商業區,14,55,360,38691.4
文山區,第一種商業區(特),19,45,225,74400.6
文山區,第三種商業區,29,65,560,162218.5
文山區,第三種商業區(特),84,45,225,230604.5
文山區,商業用地,2,55,360,24146
文山區,捷運開發區,1,,,951.26
文山區,特定商業區,1,,,9434.46
文山區,社福及機關用地(供本府及相關單位公務使用),4,,,4739.7
文山區,機關用地(供中央機關使用),1,,,4531.19
文山區,機關用地,24,45,225,230198.2
文山區,醫療用地,1,,,22776.12
文山區,社福及機關用地,6,,,58832.8
文山區,軍事機關用地,1,,,1.62
文山區,社會福利設施用地,4,,,30654.1
文山區,服務中心用地,1,,,11826.2
文山區,文教區,7,,,175345.5
文山區,文教區(供私立東山高中使用)(二),1,,,34080.62
文山區,文教區(供私立東山高中使用)(一),1,,,9091.42
文山區,高職用地,1,40,240,39172.9
文山區,大專用地,5,0,240,228862.9
文山區,政治大學用地,3,,,950640.7
文山區,國小用地,23,0,225,352134.3
文山區,風景區,4,15,60,435122.8
文山區,高中用地,3,0,240,74296.4
文山區,師專用地,2,,,102951
文山區,警察學校用地,1,,,143786.75
文山區,國中用地,9,0,225,149093.3
文山區,學校用地,2,0,200,20635.4
文山區,農業區,7,,,197462.7
文山區,保護區,57,,,5336050.1
文山區,保存區,2,,,4964.7
文山區,排水溝用地,8,,,3608.7
文山區,綠地用地,23,,,108873.3
文山區,動物園用地,6,,,1642762.8
文山區,體育場用地,1,,,6578.2
文山區,公園用地,138,,,809526.4
文山區,市場用地,19,,,64727.6
文山區,垃圾掩理場用地,4,,,394809.5
文山區,護坡用地,4,,,25460.6
文山區,停車場用地,8,,,32977.9
文山區,堤防用地,5,,,84998.8
文山區,自來水用地,4,,,9393.4
文山區,郵政用地,1,40,400,856
文山區,交通用地,46,,,150221.7
文山區,電信用地,4,40,400,9140.2
文山區,自來水工程用地,3,,,7293.7
文山區,河川區,64,,,1502452.6
文山區,糧倉專用區,1,,,7843.09
文山區,高壓鐵塔用地,3,,,718
文山區,人行步道用地,20,,,18218.1
文山區,休閒農業特定專用區,8,,,21538.4
文山區,公墓用地,2,15,150,841826.5
文山區,捷運系統用地,3,,,5800.6
文山區,防洪調節池用地,1,,,4788.6
文山區,抽水站用地,9,,,10946.9
文山區,高速公路用地,8,,,1267771.8
文山區,橋樑用地,1,,,847.35
文山區,變電所用地,5,40,400,40328.1
文山區,垃圾處理場用地,4,,,313208.5
文山區,隧道用地,3,,,38290.1
文山區,特定專用區,1,,,2954.44
文山區,污水抽水站用地,3,,,3809
文山區,調度站用地,1,,,5619.96
文山區,自來水事業用地,5,,,8596.2
文山區,電力設施用地,18,,,7531.9
文山區,道路護坡用地,3,,,3057.6
文山區,加油站用地,2,40,200,2818.8
北投區,住宅區,3,30,60,647012
北投區,第一種住宅區,8,30,60,41969.3
北投區,第一種住宅區(特),2,,,24674.2
北投區,第二種住宅區,190,35,120,1265217.7
北投區,第二之一種住宅區,1,35,160,874.09
北投區,第三種住宅區,532,45,225,2323676.6
北投區,第三之一種住宅區,17,45,300,34755
北投區,第三之二種住宅區,35,45,400,93417.1
北投區,特定休閒旅館住宅專用區,25,35,120,196880.1
北投區,住商混合區,3,,,37479.1
北投區,第三之二種住宅區(特),10,45,400,67675.2
北投區,市民住宅區,5,40,225,30663.7
北投區,住宅區(特),1,,,6674.06
北投區,第三種住宅區(特),45,35,120,210477.7
北投區,第一種商業區,7,55,360,16337.8
北投區,第一種商業區(特),15,45,225,49836.5
北投區,第三種商業區,46,65,560,192928.1
北投區,第三種商業區(特),36,45,225,86358.6
北投區,特定觀光商業專用區,9,65,560,58108.6
北投區,第貳種工業區,1,45,200,15827.64
北投區,第參種工業區,6,55,300,135343.8
北投區,科技工業區,8,,,261233.3
北投區,社福及機關用地(供本府及相關單位公務使用),3,,,4489.1
北投區,機關用地(供本府及相關單位公務使用),1,,,1004.28
北投區,圖書館及托兒所用地,1,,,1323.56
北投區,社福及機關用地,1,,,12134.8
北投區,衛生及社會福利設施用地,1,,,26528.27
北投區,醫療用地,4,,,392750.8
北投區,機關用地,22,,,541272.7
北投區,醫療專用區,2,,,22876.5
北投區,文教區(供私立薇閣中小學使用),1,,,8289.15
北投區,文教區(供幼華高級中學使用),1,,,14443.85
北投區,文教區(供臺北城市科技大學使用),1,,,74968.87
北投區,文教區(供馬偕醫護管理專科學校使用),1,,,14518.19
北投區,文教區(特)(供私立薇閣中小學使用),1,,,553.72
北投區,文教區,5,0,225,35926.5
北投區,文教區(供奎山實驗高級中等學校使用),1,,,6972.36
北投區,學校用地,1,40,200,46778.31
北投區,國中用地,6,0,225,149005.1
北投區,高中用地,2,0,160,114973.6
北投區,國立陽明大學用地,1,40,160,501881.09
北投區,國小用地,13,0,225,255793.4
北投區,國立臺北藝術大學用地,3,40,160,358072.3
北投區,大專用地,1,,,71514.86
北投區,農業區,11,,,4796587
北投區,保護區,28,,,3576132.8
北投區,保存區,6,,,36145.2
北投區,古蹟保存區,2,,,575.5
北投區,寺廟專用區,2,,,25478.3
北投區,水溝用地,3,,,1034.1
北投區,水利設施用地,2,,,14972.9
北投區,排水溝用地,14,,,18731.5
北投區,河道用地,4,,,86884.8
北投區,綠帶用地,1,,,2502.24
北投區,公園用地,82,,,2995368.2
北投區,綠地用地,165,,,346740.9
北投區,市場用地,14,,,56722.2
北投區,廣場用地,4,,,10546.1
北投區,影視音產業專用區,1,60,400,14148.77
北投區,郵政用地,3,40,400,2478.3
北投區,停車場用地,12,,,21800.2
北投區,污水抽水站用地,1,,,293.66
北投區,溫泉產業特定專用區,14,,,69235.6
北投區,公墓用地,1,15,150,591483.81
北投區,交通用地,27,,,683608.2
北投區,抽水站用地,6,,,48970.1
北投區,堤防用地,7,,,322321.7
北投區,科技產業專用區,18,50,300,249603.3
北投區,垃圾處理場用地,1,,,106562.49
北投區,電力設施用地,3,,,31281.6
北投區,河川區,28,,,1558354.7
北投區,露營場專用區,1,5,0,47083.75
北投區,電路鐵塔用地,4,,,1283.8
北投區,人行步道用地,29,,,17564.9
北投區,公車調度站用地,2,40,200,4445.4
北投區,自來水用地,1,,,5041
北投區,電信用地,2,40,400,1442
北投區,變電所用地,3,40,400,13639.5
北投區,加油站用地,4,40,200,8189.2
北投區,自來水事業用地,3,,,23989.3
士林區,住宅區,50,30,60,3752941.1
士林區,第一種住宅區,88,30,60,768257.4
士林區,第一種住宅區(特),3,,,21755.7
士林區,第二種住宅區,48,35,120,375323.2
士林區,第二之一種住宅區,2,35,160,4118
士林區,第二之二種住宅區,1,35,225,900.75
士林區,第二種住宅區(特),7,,,27626.4
士林區,第三種住宅區,544,45,225,2750291.9
士林區,第三之一種住宅區,4,45,300,13556.9
士林區,第三之二種住宅區,102,45,400,266509.8
士林區,駐華使領館辦公暨住宅專用區,1,40,400,3910.09
士林區,第三種住宅區(特),6,45,225,71741.5
士林區,特定住宅區,45,40,60,431147
士林區,第三之二種住宅區(特),1,,,748.35
士林區,市民住宅區,1,,,14840.39
士林區,第一種商業區,50,55,360,162329.2
士林區,第一種商業區(特),24,55,360,71887.9
士林區,第三種商業區,1,65,560,50063.07
士林區,第三種商業區(特),97,45,225,397955.8
士林區,捷運開發區,1,,,1057.26
士林區,特定商業區,1,,,21427.84
士林區,商業區,2,,,45480.6
士林區,第貳種工業區,4,45,200,117346.3
士林區,第參種工業區,4,55,300,106696.8
士林區,產業服務區,2,,,39023.9
士林區,社教機構用地,5,50,400,116251.1
士林區,醫療專用區,1,,,21073.62
士林區,機關用地,35,,,656967.2
士林區,軍事機關用地,1,,,17928.24
士林區,社福及機關用地(供中央機關使用),1,,,1318.78
士林區,醫院用地,1,,,20357.78
士林區,社福及機關用地(供本府及相關單位公務使用),11,,,18521.9
士林區,市民運動中心用地,1,,,2495.4
士林區,社福及機關用地,2,,,9247.3
士林區,醫療用地,1,,,12373.11
士林區,私立中國海專用地,1,,,34405.25
士林區,文教區,24,,,511015.3
士林區,私立文化大學用地,7,40,160,64892
士林區,國小用地,20,0,225,391530.1
士林區,高中用地,2,40,240,70825.8
士林區,國中用地,9,0,225,177325.5
士林區,風景區,5,15,60,48007.9
士林區,學校用地,1,0,120,747.45
士林區,大學用地,1,,,58455.85
士林區,高職用地,1,40,240,48012.86
士林區,社教用地,1,45,400,37491.92
士林區,陽明醫學院用地,1,,,1429.47
士林區,市立啟明學校用地,1,,,14655.18
士林區,市立啟智學校用地,1,,,14290.53
士林區,農業區,1,,,35501.93
士林區,保護區,87,,,13319861
士林區,保存區,4,,,13258.6
士林區,行水區,1,,,4859.91
士林區,水溝用地,3,,,1654.4
士林區,排水溝用地,12,,,29956.4
士林區,河道用地,3,,,8032.5
士林區,公園用地,61,,,1462445.7
士林區,綠地用地,79,,,164806.4
士林區,體育場用地,1,,,109184.5
士林區,公園綠地,7,,,2142.5
士林區,兒童遊樂場用地,4,,,3313.2
士林區,市場用地,15,,,54893.6
士林區,廣場用地,7,,,13878.2
士林區,變電所用地,4,40,400,20912.1
士林區,自來水廠用地,7,,,65586.6
士林區,郵政用地,2,40,400,1191.3
士林區,自來水加壓站用地,1,,,860.97
士林區,高速公路用地,2,,,6271
士林區,人行步道用地,21,,,11944.4
士林區,堤防用地,12,,,469823.2
士林區,自來水設備用地,3,,,2200.1
士林區,電路鐵塔用地,1,,,882.38
士林區,自來水用地,6,,,31843.7
士林區,自來水事業用地,2,,,2214.2
士林區,抽水站用地,6,,,11651.2
士林區,電力設施用地,8,,,6723.1
士林區,交通用地,13,,,162050.3
士林區,道路護坡用地,9,,,4890.9
士林區,露營場專用區,1,,,12.24
士林區,人行步道(無遮簷),3,,,3236.5
士林區,捷運系統用地,1,,,818.86
士林區,擋土牆護坡用地,2,,,2801.3
士林區,商務產業專用區,1,55,391,13198.8
士林區,遊樂區,12,,,524753.8
士林區,娛樂區,1,,,360111.9
士林區,污水處理場用地,1,,,2705.2
士林區,停車場用地,10,,,27226.1
士林區,加油站用地,4,40,200,4547.4
士林區,車站用地,1,,,24894.14
士林區,防洪調節池用地,1,,,16792.21
士林區,河川區,61,,,4929748.8
士林區,電信及社會福利專用區,1,,,13019.38
士林區,瓦斯站用地,1,40,300,8157.04
士林區,電信用地,5,40,400,9248.9
