縣市別代碼,年別,基本分類,原始值[統計數值],年增率[%]
63000,87年,總指數,79.77,--
63000,87年,一.食物類,60.59,--
63000,87年,(一)穀類及其製品,63.62,--
63000,87年,(二)肉類,53.94,--
63000,87年,(三)肉類製品,66.38,--
63000,87年,(四)蛋類,66.28,--
63000,87年,(五)水產品,39.19,--
63000,87年,(六)加工水產品,53.14,--
63000,87年,(七)蔬菜,42.34,--
63000,87年,(八)加工蔬菜,61.06,--
63000,87年,(九)水果,66.55,--
63000,87年,(十)加工水果,70.65,--
63000,87年,(十一)乳類,64.9,--
63000,87年,(十二)食用油,59.86,--
63000,87年,(十三)調味品,74.24,--
63000,87年,(十四)酒,65.07,--
63000,87年,(十五)非酒精性飲料及材料,91.24,--
63000,87年,(十六)調理食品,61.86,--
63000,87年,(十七)外食費,69.99,--
63000,87年,(十八)其他食品,65.37,--
63000,87年,二.衣著類,91.34,--
63000,87年,(一)成衣,93.77,--
63000,87年,(二)鞋類,87.95,--
63000,87年,(三)衣著服務及配件,79.94,--
63000,87年,三.居住類,94.84,--
63000,87年,(一)房租,95.77,--
63000,87年,(二)住宅維修費,76.57,--
63000,87年,(三)家庭用品,90.4,--
63000,87年,(四)家庭管理費用,90.51,--
63000,87年,(五)水電燃氣,97.5,--
63000,87年,四.交通及通訊類,84.46,--
63000,87年,(一)交通及通訊設備,134.12,--
63000,87年,(二)油料費,59.61,--
63000,87年,(三)交通服務及維修零件,83.54,--
63000,87年,五.醫藥保健類,72.26,--
63000,87年,(一)醫療費用,63.48,--
63000,87年,(二)藥品及保健食品,70.17,--
63000,87年,(三)醫療保健器材,132.97,--
63000,87年,六.教養娛樂類,84.41,--
63000,87年,(一)教養費用,104.07,--
63000,87年,(二)娛樂費用,63.32,--
63000,87年,七.雜項類,79.44,--
63000,87年,(一)香菸及檳榔,33.38,--
63000,87年,(二)美容及衛生用品,89.77,--
63000,87年,(三)個人隨身用品,68.27,--
63000,87年,(四)個人照顧服務費,84.66,--
63000,87年,(三)理容服務費,77.14,--
63000,87年,(四)其他,83.43,--
63000,88年,總指數,80.08,0.39
63000,88年,一.食物類,60.53,-0.1
63000,88年,(一)穀類及其製品,65.18,2.45
63000,88年,(二)肉類,59.49,10.29
63000,88年,(三)肉類製品,66.34,-0.06
63000,88年,(四)蛋類,65.56,-1.09
63000,88年,(五)水產品,41.35,5.51
63000,88年,(六)加工水產品,53.86,1.35
63000,88年,(七)蔬菜,34.32,-18.94
63000,88年,(八)加工蔬菜,61.19,0.21
63000,88年,(九)水果,59.93,-9.95
63000,88年,(十)加工水果,70.64,-0.01
63000,88年,(十一)乳類,64.94,0.06
63000,88年,(十二)食用油,60.13,0.45
63000,88年,(十三)調味品,74.67,0.58
63000,88年,(十四)酒,65.87,1.23
63000,88年,(十五)非酒精性飲料及材料,91.4,0.18
63000,88年,(十六)調理食品,63.7,2.97
63000,88年,(十七)外食費,71.37,1.97
63000,88年,(十八)其他食品,65.47,0.15
63000,88年,二.衣著類,93.79,2.68
63000,88年,(一)成衣,96.85,3.28
63000,88年,(二)鞋類,88.02,0.08
63000,88年,(三)衣著服務及配件,80.81,1.09
63000,88年,三.居住類,94.61,-0.24
63000,88年,(一)房租,95.83,0.06
63000,88年,(二)住宅維修費,77.56,1.29
63000,88年,(三)家庭用品,89.75,-0.72
63000,88年,(四)家庭管理費用,90.6,0.1
63000,88年,(五)水電燃氣,94.11,-3.48
63000,88年,四.交通及通訊類,86.29,2.17
63000,88年,(一)交通及通訊設備,137.01,2.15
63000,88年,(二)油料費,57.12,-4.18
63000,88年,(三)交通服務及維修零件,86.77,3.87
63000,88年,五.醫藥保健類,74.84,3.57
63000,88年,(一)醫療費用,68.11,7.29
63000,88年,(二)藥品及保健食品,71.71,2.19
63000,88年,(三)醫療保健器材,126.94,-4.53
63000,88年,六.教養娛樂類,84.03,-0.45
63000,88年,(一)教養費用,105.26,1.14
63000,88年,(二)娛樂費用,61.89,-2.26
63000,88年,七.雜項類,80.7,1.59
63000,88年,(一)香菸及檳榔,35.43,6.14
63000,88年,(二)美容及衛生用品,89.26,-0.57
63000,88年,(三)個人隨身用品,67.38,-1.3
63000,88年,(四)個人照顧服務費,84.61,-0.06
63000,88年,(三)理容服務費,79.45,2.99
63000,88年,(四)其他,87.24,4.57
63000,89年,總指數,81.35,1.59
63000,89年,一.食物類,60.62,0.15
63000,89年,(一)穀類及其製品,64.97,-0.32
63000,89年,(二)肉類,57.34,-3.61
63000,89年,(三)肉類製品,65.91,-0.65
63000,89年,(四)蛋類,59.95,-8.56
63000,89年,(五)水產品,42.57,2.95
63000,89年,(六)加工水產品,54.69,1.54
63000,89年,(七)蔬菜,36.23,5.57
63000,89年,(八)加工蔬菜,62.14,1.55
63000,89年,(九)水果,61.07,1.9
63000,89年,(十)加工水果,72.15,2.14
63000,89年,(十一)乳類,63.89,-1.62
63000,89年,(十二)食用油,58.75,-2.3
63000,89年,(十三)調味品,74.02,-0.87
63000,89年,(十四)酒,65.1,-1.17
63000,89年,(十五)非酒精性飲料及材料,90.18,-1.33
63000,89年,(十六)調理食品,64.89,1.87
63000,89年,(十七)外食費,71.32,-0.07
63000,89年,(十八)其他食品,65.73,0.4
63000,89年,二.衣著類,93.04,-0.8
63000,89年,(一)成衣,96.02,-0.86
63000,89年,(二)鞋類,86.87,-1.31
63000,89年,(三)衣著服務及配件,81.84,1.27
63000,89年,三.居住類,95.08,0.5
63000,89年,(一)房租,95.9,0.07
63000,89年,(二)住宅維修費,76.98,-0.75
63000,89年,(三)家庭用品,90.43,0.76
63000,89年,(四)家庭管理費用,88.74,-2.05
63000,89年,(五)水電燃氣,99.68,5.92
63000,89年,四.交通及通訊類,90.17,4.5
63000,89年,(一)交通及通訊設備,136.34,-0.49
63000,89年,(二)油料費,65.4,14.5
63000,89年,(三)交通服務及維修零件,90.37,4.15
63000,89年,五.醫藥保健類,76.8,2.62
63000,89年,(一)醫療費用,72.76,6.83
63000,89年,(二)藥品及保健食品,71.47,-0.33
63000,89年,(三)醫療保健器材,121.92,-3.95
63000,89年,六.教養娛樂類,87.28,3.87
63000,89年,(一)教養費用,108.67,3.24
63000,89年,(二)娛樂費用,64.73,4.59
63000,89年,七.雜項類,83.79,3.83
63000,89年,(一)香菸及檳榔,33.52,-5.39
63000,89年,(二)美容及衛生用品,90.57,1.47
63000,89年,(三)個人隨身用品,68.3,1.37
63000,89年,(四)個人照顧服務費,84.85,0.28
63000,89年,(三)理容服務費,80.43,1.23
63000,89年,(四)其他,97.45,11.7
63000,90年,總指數,81.7,0.43
63000,90年,一.食物類,60.9,0.46
63000,90年,(一)穀類及其製品,64.02,-1.46
63000,90年,(二)肉類,56.43,-1.59
63000,90年,(三)肉類製品,66.29,0.58
63000,90年,(四)蛋類,59.07,-1.47
63000,90年,(五)水產品,41.03,-3.62
63000,90年,(六)加工水產品,56.18,2.72
63000,90年,(七)蔬菜,36.01,-0.61
63000,90年,(八)加工蔬菜,61.45,-1.11
63000,90年,(九)水果,67.72,10.89
63000,90年,(十)加工水果,70.77,-1.91
63000,90年,(十一)乳類,65.71,2.85
63000,90年,(十二)食用油,57.97,-1.33
63000,90年,(十三)調味品,74.67,0.88
63000,90年,(十四)酒,64.96,-0.22
63000,90年,(十五)非酒精性飲料及材料,88.74,-1.6
63000,90年,(十六)調理食品,64.83,-0.09
63000,90年,(十七)外食費,71.16,-0.22
63000,90年,(十八)其他食品,65.62,-0.17
63000,90年,二.衣著類,90.81,-2.4
63000,90年,(一)成衣,94.04,-2.06
63000,90年,(二)鞋類,82.67,-4.83
63000,90年,(三)衣著服務及配件,81.02,-1
63000,90年,三.居住類,94.23,-0.89
63000,90年,(一)房租,95.23,-0.69
63000,90年,(二)住宅維修費,73.66,-4.31
63000,90年,(三)家庭用品,88.39,-2.26
63000,90年,(四)家庭管理費用,93.55,5.42
63000,90年,(五)水電燃氣,99.46,-0.22
63000,90年,四.交通及通訊類,92.6,2.69
63000,90年,(一)交通及通訊設備,130.24,-4.47
63000,90年,(二)油料費,66.6,1.83
63000,90年,(三)交通服務及維修零件,95.68,5.88
63000,90年,五.醫藥保健類,76.77,-0.04
63000,90年,(一)醫療費用,74.05,1.77
63000,90年,(二)藥品及保健食品,70.43,-1.46
63000,90年,(三)醫療保健器材,118.19,-3.06
63000,90年,六.教養娛樂類,89.59,2.65
63000,90年,(一)教養費用,111.99,3.06
63000,90年,(二)娛樂費用,66.15,2.19
63000,90年,七.雜項類,84.03,0.29
63000,90年,(一)香菸及檳榔,33.11,-1.22
63000,90年,(二)美容及衛生用品,89.91,-0.73
63000,90年,(三)個人隨身用品,68.17,-0.19
63000,90年,(四)個人照顧服務費,86.5,1.94
63000,90年,(三)理容服務費,80.31,-0.15
63000,90年,(四)其他,97.72,0.28
63000,91年,總指數,81.47,-0.28
63000,91年,一.食物類,61.31,0.67
63000,91年,(一)穀類及其製品,65.68,2.59
63000,91年,(二)肉類,56.64,0.37
63000,91年,(三)肉類製品,65.69,-0.91
63000,91年,(四)蛋類,58.84,-0.39
63000,91年,(五)水產品,41.52,1.19
63000,91年,(六)加工水產品,56.46,0.5
63000,91年,(七)蔬菜,33.17,-7.89
63000,91年,(八)加工蔬菜,61.86,0.67
63000,91年,(九)水果,59.6,-11.99
63000,91年,(十)加工水果,70.04,-1.03
63000,91年,(十一)乳類,65.8,0.14
63000,91年,(十二)食用油,56.36,-2.78
63000,91年,(十三)調味品,74.3,-0.5
63000,91年,(十四)酒,95.5,47.01
63000,91年,(十五)非酒精性飲料及材料,89.05,0.35
63000,91年,(十六)調理食品,64.34,-0.76
63000,91年,(十七)外食費,72.05,1.25
63000,91年,(十八)其他食品,65.91,0.44
63000,91年,二.衣著類,90.84,0.03
63000,91年,(一)成衣,93.92,-0.13
63000,91年,(二)鞋類,84.15,1.79
63000,91年,(三)衣著服務及配件,79.43,-1.96
63000,91年,三.居住類,92.61,-1.72
63000,91年,(一)房租,93.54,-1.78
63000,91年,(二)住宅維修費,71.93,-2.35
63000,91年,(三)家庭用品,86.08,-2.61
63000,91年,(四)家庭管理費用,95.43,2.01
63000,91年,(五)水電燃氣,98.58,-0.88
63000,91年,四.交通及通訊類,92.02,-0.63
63000,91年,(一)交通及通訊設備,129.82,-0.32
63000,91年,(二)油料費,63.66,-4.41
63000,91年,(三)交通服務及維修零件,95.91,0.24
63000,91年,五.醫藥保健類,77.44,0.87
63000,91年,(一)醫療費用,76.01,2.65
63000,91年,(二)藥品及保健食品,70.46,0.04
63000,91年,(三)醫療保健器材,113.46,-4
63000,91年,六.教養娛樂類,90.48,0.99
63000,91年,(一)教養費用,112.13,0.13
63000,91年,(二)娛樂費用,67.46,1.98
63000,91年,七.雜項類,83.62,-0.49
63000,91年,(一)香菸及檳榔,41.74,26.06
63000,91年,(二)美容及衛生用品,87.89,-2.25
63000,91年,(三)個人隨身用品,67.15,-1.5
63000,91年,(四)個人照顧服務費,86.59,0.1
63000,91年,(三)理容服務費,80.3,-0.01
63000,91年,(四)其他,95.99,-1.77
63000,92年,總指數,81.35,-0.14
63000,92年,一.食物類,61.01,-0.49
63000,92年,(一)穀類及其製品,67.23,2.36
63000,92年,(二)肉類,57.9,2.22
63000,92年,(三)肉類製品,65.56,-0.2
63000,92年,(四)蛋類,62.79,6.71
63000,92年,(五)水產品,43.53,4.84
63000,92年,(六)加工水產品,58.84,4.22
63000,92年,(七)蔬菜,34.35,3.56
63000,92年,(八)加工蔬菜,59.42,-3.94
63000,92年,(九)水果,54.76,-8.12
63000,92年,(十)加工水果,69.67,-0.53
63000,92年,(十一)乳類,66,0.3
63000,92年,(十二)食用油,55.46,-1.6
63000,92年,(十三)調味品,74.71,0.55
63000,92年,(十四)酒,96.12,0.65
63000,92年,(十五)非酒精性飲料及材料,87.39,-1.86
63000,92年,(十六)調理食品,63.81,-0.82
63000,92年,(十七)外食費,70.48,-2.18
63000,92年,(十八)其他食品,68.09,3.31
63000,92年,二.衣著類,93.06,2.44
63000,92年,(一)成衣,97.24,3.53
63000,92年,(二)鞋類,82.11,-2.42
63000,92年,(三)衣著服務及配件,78.2,-1.55
63000,92年,三.居住類,91.17,-1.55
63000,92年,(一)房租,92.06,-1.59
63000,92年,(二)住宅維修費,71.29,-0.89
63000,92年,(三)家庭用品,83.67,-2.8
63000,92年,(四)家庭管理費用,92.85,-2.7
63000,92年,(五)水電燃氣,99.29,0.72
63000,92年,四.交通及通訊類,92.68,0.72
63000,92年,(一)交通及通訊設備,128.98,-0.65
63000,92年,(二)油料費,68.81,8.09
63000,92年,(三)交通服務及維修零件,95.29,-0.65
63000,92年,五.醫藥保健類,79.65,2.85
63000,92年,(一)醫療費用,79.31,4.34
63000,92年,(二)藥品及保健食品,71.91,2.06
63000,92年,(三)醫療保健器材,112.38,-0.95
63000,92年,六.教養娛樂類,91.79,1.45
63000,92年,(一)教養費用,111.62,-0.45
63000,92年,(二)娛樂費用,70.96,5.19
63000,92年,七.雜項類,82.39,-1.47
63000,92年,(一)香菸及檳榔,40.98,-1.82
63000,92年,(二)美容及衛生用品,86.7,-1.35
63000,92年,(三)個人隨身用品,68.1,1.41
63000,92年,(四)個人照顧服務費,83.82,-3.2
63000,92年,(三)理容服務費,80.2,-0.12
63000,92年,(四)其他,94.95,-1.08
63000,93年,總指數,83.26,2.34
63000,93年,一.食物類,64.17,5.18
63000,93年,(一)穀類及其製品,69.04,2.69
63000,93年,(二)肉類,62.56,8.05
63000,93年,(三)肉類製品,64.3,-1.92
63000,93年,(四)蛋類,65.18,3.81
63000,93年,(五)水產品,45.14,3.7
63000,93年,(六)加工水產品,58.71,-0.22
63000,93年,(七)蔬菜,40.46,17.79
63000,93年,(八)加工蔬菜,59.44,0.03
63000,93年,(九)水果,67.8,23.81
63000,93年,(十)加工水果,69.92,0.36
63000,93年,(十一)乳類,67.41,2.14
63000,93年,(十二)食用油,58.74,5.91
63000,93年,(十三)調味品,75.2,0.66
63000,93年,(十四)酒,97.32,1.25
63000,93年,(十五)非酒精性飲料及材料,88.54,1.32
63000,93年,(十六)調理食品,64.63,1.29
63000,93年,(十七)外食費,71.62,1.62
63000,93年,(十八)其他食品,70.2,3.1
63000,93年,二.衣著類,97.82,5.11
63000,93年,(一)成衣,102.97,5.89
63000,93年,(二)鞋類,83.56,1.77
63000,93年,(三)衣著服務及配件,80.55,3.01
63000,93年,三.居住類,90.47,-0.77
63000,93年,(一)房租,90.99,-1.16
63000,93年,(二)住宅維修費,72.51,1.71
63000,93年,(三)家庭用品,83.74,0.08
63000,93年,(四)家庭管理費用,93,0.16
63000,93年,(五)水電燃氣,100.43,1.15
63000,93年,四.交通及通訊類,95.05,2.56
63000,93年,(一)交通及通訊設備,127.63,-1.05
63000,93年,(二)油料費,75.87,10.26
63000,93年,(三)交通服務及維修零件,96.72,1.5
63000,93年,五.醫藥保健類,81.61,2.46
63000,93年,(一)醫療費用,80.81,1.89
63000,93年,(二)藥品及保健食品,74.5,3.6
63000,93年,(三)醫療保健器材,114.28,1.69
63000,93年,六.教養娛樂類,95.34,3.87
63000,93年,(一)教養費用,112.07,0.4
63000,93年,(二)娛樂費用,77.61,9.37
63000,93年,七.雜項類,83,0.74
63000,93年,(一)香菸及檳榔,41.16,0.44
63000,93年,(二)美容及衛生用品,85.93,-0.89
63000,93年,(三)個人隨身用品,71.58,5.11
63000,93年,(四)個人照顧服務費,86.92,3.7
63000,93年,(三)理容服務費,80.52,0.4
63000,93年,(四)其他,94.2,-0.79
63000,94年,總指數,85.24,2.38
63000,94年,一.食物類,68.32,6.47
63000,94年,(一)穀類及其製品,69.58,0.78
63000,94年,(二)肉類,65.12,4.09
63000,94年,(三)肉類製品,66.18,2.92
63000,94年,(四)蛋類,72.41,11.09
63000,94年,(五)水產品,46.66,3.37
63000,94年,(六)加工水產品,60.45,2.96
63000,94年,(七)蔬菜,52.04,28.62
63000,94年,(八)加工蔬菜,59.24,-0.34
63000,94年,(九)水果,87.48,29.03
63000,94年,(十)加工水果,71.74,2.6
63000,94年,(十一)乳類,68,0.88
63000,94年,(十二)食用油,59.82,1.84
63000,94年,(十三)調味品,74.68,-0.69
63000,94年,(十四)酒,98.68,1.4
63000,94年,(十五)非酒精性飲料及材料,89.39,0.96
63000,94年,(十六)調理食品,65.59,1.49
63000,94年,(十七)外食費,73.27,2.3
63000,94年,(十八)其他食品,71.02,1.17
63000,94年,二.衣著類,97.53,-0.3
63000,94年,(一)成衣,101.49,-1.44
63000,94年,(二)鞋類,88.31,5.68
63000,94年,(三)衣著服務及配件,80.9,0.43
63000,94年,三.居住類,90.88,0.45
63000,94年,(一)房租,91.01,0.02
63000,94年,(二)住宅維修費,75.25,3.78
63000,94年,(三)家庭用品,85.29,1.85
63000,94年,(四)家庭管理費用,94.27,1.37
63000,94年,(五)水電燃氣,102.28,1.84
63000,94年,四.交通及通訊類,96.55,1.58
63000,94年,(一)交通及通訊設備,123.57,-3.18
63000,94年,(二)油料費,82.01,8.09
63000,94年,(三)交通服務及維修零件,97.65,0.96
63000,94年,五.醫藥保健類,83.45,2.25
63000,94年,(一)醫療費用,83.51,3.34
63000,94年,(二)藥品及保健食品,75.67,1.57
63000,94年,(三)醫療保健器材,113.95,-0.29
63000,94年,六.教養娛樂類,96.92,1.66
63000,94年,(一)教養費用,112.65,0.52
63000,94年,(二)娛樂費用,80.19,3.32
63000,94年,七.雜項類,83.63,0.76
63000,94年,(一)香菸及檳榔,40.93,-0.56
63000,94年,(二)美容及衛生用品,87.39,1.7
63000,94年,(三)個人隨身用品,73.33,2.44
63000,94年,(四)個人照顧服務費,88.01,1.25
63000,94年,(三)理容服務費,81.48,1.19
63000,94年,(四)其他,93.08,-1.19
63000,95年,總指數,85.82,0.68
63000,95年,一.食物類,68.38,0.09
63000,95年,(一)穀類及其製品,70.67,1.57
63000,95年,(二)肉類,63.88,-1.9
63000,95年,(三)肉類製品,67.7,2.3
63000,95年,(四)蛋類,69.94,-3.41
63000,95年,(五)水產品,46.38,-0.6
63000,95年,(六)加工水產品,63.01,4.23
63000,95年,(七)蔬菜,46.59,-10.47
63000,95年,(八)加工蔬菜,60.57,2.25
63000,95年,(九)水果,94.84,8.41
63000,95年,(十)加工水果,72.77,1.44
63000,95年,(十一)乳類,68.17,0.25
63000,95年,(十二)食用油,59.57,-0.42
63000,95年,(十三)調味品,75.77,1.46
63000,95年,(十四)酒,98.8,0.12
63000,95年,(十五)非酒精性飲料及材料,88.62,-0.86
63000,95年,(十六)調理食品,66.2,0.93
63000,95年,(十七)外食費,73.74,0.64
63000,95年,(十八)其他食品,72.04,1.44
63000,95年,二.衣著類,87.39,-10.4
63000,95年,(一)成衣,89.66,-11.66
63000,95年,(二)鞋類,81.02,-8.26
63000,95年,(三)衣著服務及配件,82.13,1.52
63000,95年,三.居住類,91.57,0.76
63000,95年,(一)房租,91.29,0.31
63000,95年,(二)住宅維修費,79.12,5.14
63000,95年,(三)家庭用品,86.17,1.03
63000,95年,(四)家庭管理費用,92.74,-1.62
63000,95年,(五)水電燃氣,106.12,3.75
63000,95年,四.交通及通訊類,98.44,1.96
63000,95年,(一)交通及通訊設備,119.38,-3.39
63000,95年,(二)油料費,92.15,12.36
63000,95年,(三)交通服務及維修零件,97.78,0.13
63000,95年,五.醫藥保健類,85.13,2.01
63000,95年,(一)醫療費用,86.73,3.86
63000,95年,(二)藥品及保健食品,76.08,0.54
63000,95年,(三)醫療保健器材,112.16,-1.57
63000,95年,六.教養娛樂類,99.59,2.75
63000,95年,(一)教養費用,113.14,0.43
63000,95年,(二)娛樂費用,85.06,6.07
63000,95年,七.雜項類,84.69,1.27
63000,95年,(一)香菸及檳榔,45.18,10.38
63000,95年,(二)美容及衛生用品,88.1,0.81
63000,95年,(三)個人隨身用品,77.15,5.21
63000,95年,(四)個人照顧服務費,87.29,-0.82
63000,95年,(三)理容服務費,82.9,1.74
63000,95年,(四)其他,92.8,-0.3
63000,96年,總指數,87.46,1.91
63000,96年,一.食物類,70.52,3.13
63000,96年,(一)穀類及其製品,72.37,2.41
63000,96年,(二)肉類,65.97,3.27
63000,96年,(三)肉類製品,67.82,0.18
63000,96年,(四)蛋類,72.17,3.19
63000,96年,(五)水產品,50.41,8.69
63000,96年,(六)加工水產品,63.69,1.08
63000,96年,(七)蔬菜,52.19,12.02
63000,96年,(八)加工蔬菜,60.59,0.03
63000,96年,(九)水果,90.15,-4.95
63000,96年,(十)加工水果,73.21,0.6
63000,96年,(十一)乳類,72.37,6.16
63000,96年,(十二)食用油,65.48,9.92
63000,96年,(十三)調味品,76.44,0.88
63000,96年,(十四)酒,98.05,-0.76
63000,96年,(十五)非酒精性飲料及材料,89.35,0.82
63000,96年,(十六)調理食品,67.69,2.25
63000,96年,(十七)外食費,75.79,2.78
63000,96年,(十八)其他食品,74.35,3.21
63000,96年,二.衣著類,91.16,4.31
63000,96年,(一)成衣,93.85,4.67
63000,96年,(二)鞋類,84.01,3.69
63000,96年,(三)衣著服務及配件,83.46,1.62
63000,96年,三.居住類,92.22,0.71
63000,96年,(一)房租,91.48,0.21
63000,96年,(二)住宅維修費,82.81,4.66
63000,96年,(三)家庭用品,87.3,1.31
63000,96年,(四)家庭管理費用,93.04,0.32
63000,96年,(五)水電燃氣,109.67,3.35
63000,96年,四.交通及通訊類,100.22,1.81
63000,96年,(一)交通及通訊設備,117.86,-1.27
63000,96年,(二)油料費,98.2,6.57
63000,96年,(三)交通服務及維修零件,98.69,0.93
63000,96年,五.醫藥保健類,87.48,2.76
63000,96年,(一)醫療費用,86.75,0.02
63000,96年,(二)藥品及保健食品,82.17,8
63000,96年,(三)醫療保健器材,112.09,-0.06
63000,96年,六.教養娛樂類,101.46,1.88
63000,96年,(一)教養費用,114.52,1.22
63000,96年,(二)娛樂費用,87.38,2.73
63000,96年,七.雜項類,85.66,1.15
63000,96年,(一)香菸及檳榔,47.83,5.87
63000,96年,(二)美容及衛生用品,88.81,0.81
63000,96年,(三)個人隨身用品,79.49,3.03
63000,96年,(四)個人照顧服務費,88.12,0.95
63000,96年,(三)理容服務費,83.28,0.46
63000,96年,(四)其他,92.99,0.2
63000,97年,總指數,90.43,3.4
63000,97年,一.食物類,76.78,8.88
63000,97年,(一)穀類及其製品,80.81,11.66
63000,97年,(二)肉類,75.32,14.17
63000,97年,(三)肉類製品,73.32,8.11
63000,97年,(四)蛋類,87.49,21.23
63000,97年,(五)水產品,60.11,19.24
63000,97年,(六)加工水產品,74.32,16.69
63000,97年,(七)蔬菜,55.04,5.46
63000,97年,(八)加工蔬菜,69.04,13.95
63000,97年,(九)水果,91.29,1.26
63000,97年,(十)加工水果,76.25,4.15
63000,97年,(十一)乳類,79.74,10.18
63000,97年,(十二)食用油,89.05,36
63000,97年,(十三)調味品,79.92,4.55
63000,97年,(十四)酒,97.9,-0.15
63000,97年,(十五)非酒精性飲料及材料,93.94,5.14
63000,97年,(十六)調理食品,75.17,11.05
63000,97年,(十七)外食費,81.38,7.38
63000,97年,(十八)其他食品,80.91,8.82
63000,97年,二.衣著類,90.35,-0.89
63000,97年,(一)成衣,90.92,-3.12
63000,97年,(二)鞋類,89.34,6.34
63000,97年,(三)衣著服務及配件,86.13,3.2
63000,97年,三.居住類,93.72,1.63
63000,97年,(一)房租,92.6,1.22
63000,97年,(二)住宅維修費,86.11,3.99
63000,97年,(三)家庭用品,88.25,1.09
63000,97年,(四)家庭管理費用,94.68,1.76
63000,97年,(五)水電燃氣,114.49,4.4
63000,97年,四.交通及通訊類,102.56,2.33
63000,97年,(一)交通及通訊設備,114.09,-3.2
63000,97年,(二)油料費,104.71,6.63
63000,97年,(三)交通服務及維修零件,100.8,2.14
63000,97年,五.醫藥保健類,90.83,3.83
63000,97年,(一)醫療費用,89.03,2.63
63000,97年,(二)藥品及保健食品,87.99,7.08
63000,97年,(三)醫療保健器材,112.17,0.07
63000,97年,六.教養娛樂類,101.96,0.49
63000,97年,(一)教養費用,113.8,-0.63
63000,97年,(二)娛樂費用,89.28,2.17
63000,97年,七.雜項類,87.49,2.14
63000,97年,(一)香菸及檳榔,48.01,0.38
63000,97年,(二)美容及衛生用品,94.38,6.27
63000,97年,(三)個人隨身用品,84.82,6.71
63000,97年,(四)個人照顧服務費,88.17,0.06
63000,97年,(三)理容服務費,81.91,-1.65
63000,97年,(四)其他,93.79,0.86
63000,98年,總指數,89.55,-0.98
63000,98年,一.食物類,76.98,0.26
63000,98年,(一)穀類及其製品,82.47,2.05
63000,98年,(二)肉類,75.91,0.78
63000,98年,(三)肉類製品,78.83,7.52
63000,98年,(四)蛋類,88.26,0.88
63000,98年,(五)水產品,65.3,8.63
63000,98年,(六)加工水產品,77.81,4.7
63000,98年,(七)蔬菜,50.3,-8.61
63000,98年,(八)加工蔬菜,71.57,3.66
63000,98年,(九)水果,84.35,-7.6
63000,98年,(十)加工水果,78.4,2.82
63000,98年,(十一)乳類,80.97,1.54
63000,98年,(十二)食用油,86.03,-3.39
63000,98年,(十三)調味品,83.83,4.89
63000,98年,(十四)酒,98.92,1.04
63000,98年,(十五)非酒精性飲料及材料,94.3,0.38
63000,98年,(十六)調理食品,79.87,6.25
63000,98年,(十七)外食費,81.28,-0.12
63000,98年,(十八)其他食品,84.61,4.57
63000,98年,二.衣著類,89.22,-1.25
63000,98年,(一)成衣,89.45,-1.62
63000,98年,(二)鞋類,88.85,-0.55
63000,98年,(三)衣著服務及配件,86.84,0.82
63000,98年,三.居住類,93.48,-0.26
63000,98年,(一)房租,92.35,-0.26
63000,98年,(二)住宅維修費,84.45,-1.93
63000,98年,(三)家庭用品,89.07,0.93
63000,98年,(四)家庭管理費用,94.19,-0.52
63000,98年,(五)水電燃氣,113.91,-0.51
63000,98年,四.交通及通訊類,98.71,-3.75
63000,98年,(一)交通及通訊設備,107.71,-5.59
63000,98年,(二)油料費,93.85,-10.37
63000,98年,(三)交通服務及維修零件,100.11,-0.68
63000,98年,五.醫藥保健類,91.99,1.28
63000,98年,(一)醫療費用,90.82,2.01
63000,98年,(二)藥品及保健食品,89,1.15
63000,98年,(三)醫療保健器材,109.9,-2.02
63000,98年,六.教養娛樂類,98.42,-3.47
63000,98年,(一)教養費用,109.83,-3.49
63000,98年,(二)娛樂費用,86.2,-3.45
63000,98年,七.雜項類,88.05,0.64
63000,98年,(一)香菸及檳榔,54.09,12.66
63000,98年,(二)美容及衛生用品,94.6,0.23
63000,98年,(三)個人隨身用品,88.56,4.41
63000,98年,(四)個人照顧服務費,87.54,-0.71
63000,98年,(三)理容服務費,81.88,-0.04
63000,98年,(四)其他,92.76,-1.1
63000,99年,總指數,89.99,0.49
63000,99年,一.食物類,77.31,0.43
63000,99年,(一)穀類及其製品,82.4,-0.08
63000,99年,(二)肉類,74.18,-2.28
63000,99年,(三)肉類製品,76.47,-2.99
63000,99年,(四)蛋類,79.87,-9.51
63000,99年,(五)水產品,70.03,7.24
63000,99年,(六)加工水產品,75.81,-2.57
63000,99年,(七)蔬菜,51.35,2.09
63000,99年,(八)加工蔬菜,72.14,0.8
63000,99年,(九)水果,79.92,-5.25
63000,99年,(十)加工水果,78.63,0.29
63000,99年,(十一)乳類,85.05,5.04
63000,99年,(十二)食用油,85.57,-0.53
63000,99年,(十三)調味品,84.37,0.64
63000,99年,(十四)酒,96.74,-2.2
63000,99年,(十五)非酒精性飲料及材料,92.16,-2.27
63000,99年,(十六)調理食品,78.26,-2.02
63000,99年,(十七)外食費,81.95,0.82
63000,99年,(十八)其他食品,85.14,0.63
63000,99年,二.衣著類,90.26,1.17
63000,99年,(一)成衣,90.9,1.62
63000,99年,(二)鞋類,88.12,-0.82
63000,99年,(三)衣著服務及配件,88.72,2.16
63000,99年,三.居住類,93.79,0.33
63000,99年,(一)房租,92.43,0.08
63000,99年,(二)住宅維修費,85.16,0.84
63000,99年,(三)家庭用品,88.32,-0.84
63000,99年,(四)家庭管理費用,94.14,-0.05
63000,99年,(五)水電燃氣,117.43,3.09
63000,99年,四.交通及通訊類,101.49,2.82
63000,99年,(一)交通及通訊設備,110.32,2.42
63000,99年,(二)油料費,103.85,10.66
63000,99年,(三)交通服務及維修零件,100.21,0.1
63000,99年,五.醫藥保健類,93.21,1.33
63000,99年,(一)醫療費用,92.14,1.45
63000,99年,(二)藥品及保健食品,90.83,2.06
63000,99年,(三)醫療保健器材,108.42,-1.35
63000,99年,六.教養娛樂類,97.11,-1.33
63000,99年,(一)教養費用,105.81,-3.66
63000,99年,(二)娛樂費用,87.8,1.86
63000,99年,七.雜項類,89.41,1.54
63000,99年,(一)香菸及檳榔,60.28,11.44
63000,99年,(二)美容及衛生用品,94.63,0.03
63000,99年,(三)個人隨身用品,95.08,7.36
63000,99年,(四)個人照顧服務費,89.97,2.78
63000,99年,(三)理容服務費,81.39,-0.6
63000,99年,(四)其他,92.58,-0.19
63000,100年,總指數,91.29,1.44
63000,100年,一.食物類,79.11,2.33
63000,100年,(一)穀類及其製品,85.92,4.27
63000,100年,(二)肉類,77.11,3.95
63000,100年,(三)肉類製品,77.04,0.75
63000,100年,(四)蛋類,87.84,9.98
63000,100年,(五)水產品,74.75,6.74
63000,100年,(六)加工水產品,79.45,4.8
63000,100年,(七)蔬菜,49.13,-4.32
63000,100年,(八)加工蔬菜,75.18,4.21
63000,100年,(九)水果,81.59,2.09
63000,100年,(十)加工水果,80.56,2.45
63000,100年,(十一)乳類,86.95,2.23
63000,100年,(十二)食用油,91.95,7.46
63000,100年,(十三)調味品,87.49,3.7
63000,100年,(十四)酒,94.97,-1.83
63000,100年,(十五)非酒精性飲料及材料,92.24,0.09
63000,100年,(十六)調理食品,80.11,2.36
63000,100年,(十七)外食費,83.11,1.42
63000,100年,(十八)其他食品,88.4,3.83
63000,100年,二.衣著類,93.76,3.88
63000,100年,(一)成衣,94.42,3.87
63000,100年,(二)鞋類,92.39,4.85
63000,100年,(三)衣著服務及配件,89.57,0.96
63000,100年,三.居住類,94.57,0.83
63000,100年,(一)房租,92.78,0.38
63000,100年,(二)住宅維修費,86.94,2.09
63000,100年,(三)家庭用品,91.89,4.04
63000,100年,(四)家庭管理費用,94.54,0.42
63000,100年,(五)水電燃氣,118.97,1.31
63000,100年,四.交通及通訊類,103.18,1.67
63000,100年,(一)交通及通訊設備,109.86,-0.42
63000,100年,(二)油料費,111.56,7.42
63000,100年,(三)交通服務及維修零件,100.12,-0.09
63000,100年,五.醫藥保健類,95.83,2.81
63000,100年,(一)醫療費用,93.03,0.97
63000,100年,(二)藥品及保健食品,97.19,7
63000,100年,(三)醫療保健器材,109.08,0.61
63000,100年,六.教養娛樂類,97.61,0.51
63000,100年,(一)教養費用,104.41,-1.32
63000,100年,(二)娛樂費用,90.32,2.87
63000,100年,七.雜項類,89.84,0.48
63000,100年,(一)香菸及檳榔,62.1,3.02
63000,100年,(二)美容及衛生用品,92.85,-1.88
63000,100年,(三)個人隨身用品,99.53,4.68
63000,100年,(四)個人照顧服務費,91.74,1.97
63000,100年,(三)理容服務費,81.14,-0.31
63000,100年,(四)其他,93.1,0.56
63000,101年,總指數,92.77,1.62
63000,101年,一.食物類,82.17,3.87
63000,101年,(一)穀類及其製品,87.05,1.32
63000,101年,(二)肉類,77.18,0.09
63000,101年,(三)肉類製品,79.62,3.35
63000,101年,(四)蛋類,93.28,6.19
63000,101年,(五)水產品,77.65,3.88
63000,101年,(六)加工水產品,80.3,1.07
63000,101年,(七)蔬菜,60.93,24.02
63000,101年,(八)加工蔬菜,78.56,4.5
63000,101年,(九)水果,87.67,7.45
63000,101年,(十)加工水果,79.71,-1.06
63000,101年,(十一)乳類,91.36,5.07
63000,101年,(十二)食用油,89.84,-2.29
63000,101年,(十三)調味品,86.75,-0.85
63000,101年,(十四)酒,95.82,0.9
63000,101年,(十五)非酒精性飲料及材料,93.37,1.23
63000,101年,(十六)調理食品,81.34,1.54
63000,101年,(十七)外食費,84.7,1.91
63000,101年,(十八)其他食品,91.99,4.06
63000,101年,二.衣著類,96.11,2.51
63000,101年,(一)成衣,97.31,3.06
63000,101年,(二)鞋類,93.63,1.34
63000,101年,(三)衣著服務及配件,89.21,-0.4
63000,101年,三.居住類,95.64,1.13
63000,101年,(一)房租,93.4,0.67
63000,101年,(二)住宅維修費,88.34,1.61
63000,101年,(三)家庭用品,93.29,1.52
63000,101年,(四)家庭管理費用,94.84,0.32
63000,101年,(五)水電燃氣,123.86,4.11
63000,101年,四.交通及通訊類,103.42,0.23
63000,101年,(一)交通及通訊設備,110.06,0.18
63000,101年,(二)油料費,117.63,5.44
63000,101年,(三)交通服務及維修零件,98.14,-1.98
63000,101年,五.醫藥保健類,95.76,-0.07
63000,101年,(一)醫療費用,93.98,1.02
63000,101年,(二)藥品及保健食品,95.93,-1.3
63000,101年,(三)醫療保健器材,106.75,-2.14
63000,101年,六.教養娛樂類,97.72,0.11
63000,101年,(一)教養費用,103.11,-1.25
63000,101年,(二)娛樂費用,91.93,1.78
63000,101年,七.雜項類,91.19,1.5
63000,101年,(一)香菸及檳榔,64.9,4.51
63000,101年,(二)美容及衛生用品,92.26,-0.64
63000,101年,(三)個人隨身用品,100.86,1.34
63000,101年,(四)個人照顧服務費,92.77,1.12
63000,101年,(三)理容服務費,81.98,1.04
63000,101年,(四)其他,96.6,3.76
63000,102年,總指數,93.53,0.82
63000,102年,一.食物類,83.05,1.07
63000,102年,(一)穀類及其製品,88.11,1.22
63000,102年,(二)肉類,80.21,3.93
63000,102年,(三)肉類製品,81.29,2.1
63000,102年,(四)蛋類,87.56,-6.13
63000,102年,(五)水產品,79.35,2.19
63000,102年,(六)加工水產品,81.81,1.88
63000,102年,(七)蔬菜,66.04,8.39
63000,102年,(八)加工蔬菜,81.09,3.22
63000,102年,(九)水果,81.58,-6.95
63000,102年,(十)加工水果,79.54,-0.21
63000,102年,(十一)乳類,91.35,-0.01
63000,102年,(十二)食用油,90.44,0.67
63000,102年,(十三)調味品,88.14,1.6
63000,102年,(十四)酒,94.49,-1.39
63000,102年,(十五)非酒精性飲料及材料,93.32,-0.05
63000,102年,(十六)調理食品,81.47,0.16
63000,102年,(十七)外食費,85.63,1.1
63000,102年,(十八)其他食品,91.42,-0.62
63000,102年,二.衣著類,94.83,-1.33
63000,102年,(一)成衣,96.74,-0.59
63000,102年,(二)鞋類,89.68,-4.22
63000,102年,(三)衣著服務及配件,89.32,0.12
63000,102年,三.居住類,96.61,1.01
63000,102年,(一)房租,94.08,0.72
63000,102年,(二)住宅維修費,89.85,1.71
63000,102年,(三)家庭用品,95.85,2.74
63000,102年,(四)家庭管理費用,94.31,-0.56
63000,102年,(五)水電燃氣,126.73,2.32
63000,102年,四.交通及通訊類,104.01,0.57
63000,102年,(一)交通及通訊設備,110.16,0.09
63000,102年,(二)油料費,121.13,2.98
63000,102年,(三)交通服務及維修零件,97.82,-0.33
63000,102年,五.醫藥保健類,96.59,0.87
63000,102年,(一)醫療費用,94.85,0.93
63000,102年,(二)藥品及保健食品,97.22,1.34
63000,102年,(三)醫療保健器材,105.84,-0.85
63000,102年,六.教養娛樂類,98.44,0.74
63000,102年,(一)教養費用,103.14,0.03
63000,102年,(二)娛樂費用,93.46,1.66
63000,102年,七.雜項類,91.93,0.81
63000,102年,(一)香菸及檳榔,67.77,4.42
63000,102年,(二)美容及衛生用品,94.07,1.96
63000,102年,(三)個人隨身用品,95.37,-5.44
63000,102年,(四)個人照顧服務費,93.86,1.17
63000,102年,(三)理容服務費,81.26,-0.88
63000,102年,(四)其他,98.44,1.9
63000,103年,總指數,95.1,1.68
63000,103年,一.食物類,86.94,4.68
63000,103年,(一)穀類及其製品,89.54,1.62
63000,103年,(二)肉類,87.23,8.75
63000,103年,(三)肉類製品,85.24,4.86
63000,103年,(四)蛋類,96.83,10.59
63000,103年,(五)水產品,85.74,8.05
63000,103年,(六)加工水產品,82.87,1.3
63000,103年,(七)蔬菜,68.1,3.12
63000,103年,(八)加工蔬菜,86.43,6.59
63000,103年,(九)水果,90.22,10.59
63000,103年,(十)加工水果,79.19,-0.44
63000,103年,(十一)乳類,92.37,1.12
63000,103年,(十二)食用油,94.18,4.14
63000,103年,(十三)調味品,89.48,1.52
63000,103年,(十四)酒,94.97,0.51
63000,103年,(十五)非酒精性飲料及材料,93.43,0.12
63000,103年,(十六)調理食品,84.78,4.06
63000,103年,(十七)外食費,89.11,4.06
63000,103年,(十八)其他食品,93.76,2.56
63000,103年,二.衣著類,96.64,1.91
63000,103年,(一)成衣,98.55,1.87
63000,103年,(二)鞋類,91.93,2.51
63000,103年,(三)衣著服務及配件,89.15,-0.19
63000,103年,三.居住類,97.34,0.76
63000,103年,(一)房租,94.78,0.75
63000,103年,(二)住宅維修費,91.65,2
63000,103年,(三)家庭用品,94.82,-1.07
63000,103年,(四)家庭管理費用,93.83,-0.51
63000,103年,(五)水電燃氣,129.82,2.44
63000,103年,四.交通及通訊類,102.9,-1.07
63000,103年,(一)交通及通訊設備,108.19,-1.79
63000,103年,(二)油料費,117.27,-3.19
63000,103年,(三)交通服務及維修零件,97.68,-0.14
63000,103年,五.醫藥保健類,97.21,0.64
63000,103年,(一)醫療費用,94.93,0.08
63000,103年,(二)藥品及保健食品,99.85,2.71
63000,103年,(三)醫療保健器材,103.74,-1.98
63000,103年,六.教養娛樂類,99.43,1.01
63000,103年,(一)教養費用,101.38,-1.71
63000,103年,(二)娛樂費用,97.52,4.34
63000,103年,七.雜項類,93.76,1.99
63000,103年,(一)香菸及檳榔,68.62,1.25
63000,103年,(二)美容及衛生用品,95.31,1.32
63000,103年,(三)個人隨身用品,96.1,0.77
63000,103年,(四)個人照顧服務費,95.91,2.18
63000,103年,(三)理容服務費,85.55,5.28
63000,103年,(四)其他,99.59,1.17
63000,104年,總指數,95.1,0
63000,104年,一.食物類,89.94,3.45
63000,104年,(一)穀類及其製品,90.94,1.56
63000,104年,(二)肉類,91.79,5.23
63000,104年,(三)肉類製品,90.47,6.14
63000,104年,(四)蛋類,96.28,-0.57
63000,104年,(五)水產品,88.22,2.89
63000,104年,(六)加工水產品,84.9,2.45
63000,104年,(七)蔬菜,80.55,18.28
63000,104年,(八)加工蔬菜,89.43,3.47
63000,104年,(九)水果,88.89,-1.47
63000,104年,(十)加工水果,85.68,8.2
63000,104年,(十一)乳類,92.13,-0.26
63000,104年,(十二)食用油,93.49,-0.73
63000,104年,(十三)調味品,90.97,1.67
63000,104年,(十四)酒,95.43,0.48
63000,104年,(十五)非酒精性飲料及材料,94.77,1.43
63000,104年,(十六)調理食品,87.91,3.69
63000,104年,(十七)外食費,91.39,2.56
63000,104年,(十八)其他食品,94.61,0.91
63000,104年,二.衣著類,96.55,-0.09
63000,104年,(一)成衣,97.65,-0.91
63000,104年,(二)鞋類,94.41,2.7
63000,104年,(三)衣著服務及配件,90.35,1.35
63000,104年,三.居住類,96.65,-0.71
63000,104年,(一)房租,95.59,0.85
63000,104年,(二)住宅維修費,93.71,2.25
63000,104年,(三)家庭用品,94.13,-0.73
63000,104年,(四)家庭管理費用,95.52,1.8
63000,104年,(五)水電燃氣,111.97,-13.75
63000,104年,四.交通及通訊類,97.93,-4.83
63000,104年,(一)交通及通訊設備,107.24,-0.88
63000,104年,(二)油料費,87.83,-25.1
63000,104年,(三)交通服務及維修零件,99.06,1.41
63000,104年,五.醫藥保健類,97.16,-0.05
63000,104年,(一)醫療費用,94.97,0.04
63000,104年,(二)藥品及保健食品,98.99,-0.86
63000,104年,(三)醫療保健器材,105.6,1.79
63000,104年,六.教養娛樂類,98.83,-0.6
63000,104年,(一)教養費用,99.68,-1.68
63000,104年,(二)娛樂費用,98.14,0.64
63000,104年,七.雜項類,93.94,0.19
63000,104年,(一)香菸及檳榔,69.66,1.52
63000,104年,(二)美容及衛生用品,93.34,-2.07
63000,104年,(三)個人隨身用品,94.89,-1.26
63000,104年,(四)個人照顧服務費,97.19,1.33
63000,104年,(三)理容服務費,88.05,2.92
63000,104年,(四)其他,100.07,0.48
63000,105年,總指數,96.31,1.27
63000,105年,一.食物類,94.2,4.74
63000,105年,(一)穀類及其製品,91.73,0.87
63000,105年,(二)肉類,92.64,0.93
63000,105年,(三)肉類製品,90.26,-0.23
63000,105年,(四)蛋類,97.3,1.06
63000,105年,(五)水產品,91.68,3.92
63000,105年,(六)加工水產品,86.13,1.45
63000,105年,(七)蔬菜,100.02,24.17
63000,105年,(八)加工蔬菜,96.73,8.16
63000,105年,(九)水果,104.05,17.05
63000,105年,(十)加工水果,87.99,2.7
63000,105年,(十一)乳類,91.97,-0.17
63000,105年,(十二)食用油,94.45,1.03
63000,105年,(十三)調味品,93.6,2.89
63000,105年,(十四)酒,96.89,1.53
63000,105年,(十五)非酒精性飲料及材料,95.79,1.08
63000,105年,(十六)調理食品,90.38,2.81
63000,105年,(十七)外食費,92.49,1.2
63000,105年,(十八)其他食品,96.19,1.67
63000,105年,二.衣著類,96.18,-0.38
63000,105年,(一)成衣,97.73,0.08
63000,105年,(二)鞋類,92.26,-2.28
63000,105年,(三)衣著服務及配件,90.88,0.59
63000,105年,三.居住類,96.78,0.13
63000,105年,(一)房租,96.32,0.77
63000,105年,(二)住宅維修費,94.59,0.94
63000,105年,(三)家庭用品,95.32,1.26
63000,105年,(四)家庭管理費用,95.51,-0.01
63000,105年,(五)水電燃氣,104.57,-6.61
63000,105年,四.交通及通訊類,96.99,-0.96
63000,105年,(一)交通及通訊設備,105.09,-2
63000,105年,(二)油料費,82.49,-6.08
63000,105年,(三)交通服務及維修零件,99.65,0.6
63000,105年,五.醫藥保健類,97.41,0.26
63000,105年,(一)醫療費用,95.63,0.69
63000,105年,(二)藥品及保健食品,98.01,-0.99
63000,105年,(三)醫療保健器材,107.05,1.37
63000,105年,六.教養娛樂類,98.82,-0.01
63000,105年,(一)教養費用,99.16,-0.52
63000,105年,(二)娛樂費用,98.69,0.56
63000,105年,七.雜項類,95.06,1.19
63000,105年,(一)香菸及檳榔,71.89,3.2
63000,105年,(二)美容及衛生用品,94.44,1.18
63000,105年,(三)個人隨身用品,96.46,1.65
63000,105年,(四)個人照顧服務費,98.27,1.11
63000,105年,(三)理容服務費,89.84,2.03
63000,105年,(四)其他,100.24,0.17
63000,106年,總指數,96.89,0.61
63000,106年,一.食物類,94.52,0.34
63000,106年,(一)穀類及其製品,93.3,1.71
63000,106年,(二)肉類,94.45,1.95
63000,106年,(三)肉類製品,92.75,2.76
63000,106年,(四)蛋類,87.06,-10.52
63000,106年,(五)水產品,95.25,3.89
63000,106年,(六)加工水產品,88.56,2.82
63000,106年,(七)蔬菜,88.6,-11.42
63000,106年,(八)加工蔬菜,98.92,2.26
63000,106年,(九)水果,102.42,-1.57
63000,106年,(十)加工水果,91.97,4.52
63000,106年,(十一)乳類,94.92,3.21
63000,106年,(十二)食用油,96.44,2.11
63000,106年,(十三)調味品,97.32,3.97
63000,106年,(十四)酒,96.92,0.03
63000,106年,(十五)非酒精性飲料及材料,96.64,0.89
63000,106年,(十六)調理食品,92.99,2.89
63000,106年,(十七)外食費,94.43,2.1
63000,106年,(十八)其他食品,96.94,0.78
63000,106年,二.衣著類,96.68,0.52
63000,106年,(一)成衣,97.45,-0.29
63000,106年,(二)鞋類,94.74,2.69
63000,106年,(三)衣著服務及配件,94.84,4.36
63000,106年,三.居住類,97.64,0.89
63000,106年,(一)房租,97.12,0.83
63000,106年,(二)住宅維修費,94.63,0.04
63000,106年,(三)家庭用品,97.02,1.78
63000,106年,(四)家庭管理費用,96.37,0.9
63000,106年,(五)水電燃氣,105.42,0.81
63000,106年,四.交通及通訊類,98.39,1.44
63000,106年,(一)交通及通訊設備,103.25,-1.75
63000,106年,(二)油料費,90.28,9.44
63000,106年,(三)交通服務及維修零件,99.86,0.21
63000,106年,五.醫藥保健類,97.73,0.33
63000,106年,(一)醫療費用,96.64,1.06
63000,106年,(二)藥品及保健食品,98.14,0.13
63000,106年,(三)醫療保健器材,103.81,-3.03
63000,106年,六.教養娛樂類,98.53,-0.29
63000,106年,(一)教養費用,99.22,0.06
63000,106年,(二)娛樂費用,98.01,-0.69
63000,106年,七.雜項類,96.49,1.5
63000,106年,(一)香菸及檳榔,76.74,6.75
63000,106年,(二)美容及衛生用品,97.34,3.07
63000,106年,(三)個人隨身用品,94.04,-2.51
63000,106年,(四)個人照顧服務費,98.42,0.15
63000,106年,(三)理容服務費,93.15,3.68
63000,106年,(四)其他,99.75,-0.49
63000,107年,總指數,97.85,0.98
63000,107年,一.食物類,95.18,0.7
63000,107年,(一)穀類及其製品,95.61,2.48
63000,107年,(二)肉類,95.32,0.92
63000,107年,(三)肉類製品,96.74,4.3
63000,107年,(四)蛋類,99.57,14.37
63000,107年,(五)水產品,98.13,3.02
63000,107年,(六)加工水產品,91.61,3.44
63000,107年,(七)蔬菜,84.87,-4.21
63000,107年,(八)加工蔬菜,97.8,-1.13
63000,107年,(九)水果,91.57,-10.59
63000,107年,(十)加工水果,95.18,3.49
63000,107年,(十一)乳類,98.18,3.43
63000,107年,(十二)食用油,98.79,2.44
63000,107年,(十三)調味品,99.25,1.98
63000,107年,(十四)酒,97.45,0.55
63000,107年,(十五)非酒精性飲料及材料,98.96,2.4
63000,107年,(十六)調理食品,94.03,1.12
63000,107年,(十七)外食費,96.52,2.21
63000,107年,(十八)其他食品,97.23,0.3
63000,107年,二.衣著類,97.01,0.34
63000,107年,(一)成衣,97.56,0.11
63000,107年,(二)鞋類,95.27,0.56
63000,107年,(三)衣著服務及配件,97.06,2.34
63000,107年,三.居住類,98.48,0.86
63000,107年,(一)房租,97.69,0.59
63000,107年,(二)住宅維修費,96.87,2.37
63000,107年,(三)家庭用品,99.22,2.27
63000,107年,(四)家庭管理費用,95.35,-1.06
63000,107年,(五)水電燃氣,107.96,2.41
63000,107年,四.交通及通訊類,100.59,2.24
63000,107年,(一)交通及通訊設備,102.9,-0.34
63000,107年,(二)油料費,102.19,13.19
63000,107年,(三)交通服務及維修零件,99.4,-0.46
63000,107年,五.醫藥保健類,98.22,0.5
63000,107年,(一)醫療費用,97.7,1.1
63000,107年,(二)藥品及保健食品,98.47,0.34
63000,107年,(三)醫療保健器材,101.06,-2.65
63000,107年,六.教養娛樂類,99.5,0.98
63000,107年,(一)教養費用,99.56,0.34
63000,107年,(二)娛樂費用,99.45,1.47
63000,107年,七.雜項類,97.68,1.23
63000,107年,(一)香菸及檳榔,98.92,28.9
63000,107年,(二)美容及衛生用品,98.22,0.9
63000,107年,(三)個人隨身用品,94.46,0.45
63000,107年,(四)個人照顧服務費,93.41,-5.09
63000,107年,(三)理容服務費,96.5,3.6
63000,107年,(四)其他,99.69,-0.06
63000,108年,總指數,98.66,0.83
63000,108年,一.食物類,96.87,1.78
63000,108年,(一)穀類及其製品,98.21,2.72
63000,108年,(二)肉類,95.69,0.39
63000,108年,(三)肉類製品,96.44,-0.31
63000,108年,(四)蛋類,97.49,-2.09
63000,108年,(五)水產品,98.98,0.87
63000,108年,(六)加工水產品,94.56,3.22
63000,108年,(七)蔬菜,90.17,6.24
63000,108年,(八)加工蔬菜,98.15,0.36
63000,108年,(九)水果,94.59,3.3
63000,108年,(十)加工水果,98.02,2.98
63000,108年,(十一)乳類,98.74,0.57
63000,108年,(十二)食用油,97.68,-1.12
63000,108年,(十三)調味品,99.97,0.73
63000,108年,(十四)酒,97.94,0.5
63000,108年,(十五)非酒精性飲料及材料,100.14,1.19
63000,108年,(十六)調理食品,95.01,1.04
63000,108年,(十七)外食費,98.07,1.61
63000,108年,(十八)其他食品,97.4,0.17
63000,108年,二.衣著類,97.54,0.55
63000,108年,(一)成衣,96.79,-0.79
63000,108年,(二)鞋類,100.09,5.06
63000,108年,(三)衣著服務及配件,96.46,-0.62
63000,108年,三.居住類,99.17,0.7
63000,108年,(一)房租,98.41,0.74
63000,108年,(二)住宅維修費,97.56,0.71
63000,108年,(三)家庭用品,99.65,0.43
63000,108年,(四)家庭管理費用,95.91,0.59
63000,108年,(五)水電燃氣,108.69,0.68
63000,108年,四.交通及通訊類,98.93,-1.65
63000,108年,(一)交通及通訊設備,101.71,-1.16
63000,108年,(二)油料費,99.02,-3.1
63000,108年,(三)交通服務及維修零件,98.18,-1.23
63000,108年,五.醫藥保健類,99.18,0.98
63000,108年,(一)醫療費用,99.24,1.58
63000,108年,(二)藥品及保健食品,98.3,-0.17
63000,108年,(三)醫療保健器材,101.25,0.19
63000,108年,六.教養娛樂類,100.74,1.25
63000,108年,(一)教養費用,99.47,-0.09
63000,108年,(二)娛樂費用,101.9,2.46
63000,108年,七.雜項類,98.86,1.21
63000,108年,(一)香菸及檳榔,98.19,-0.74
63000,108年,(二)美容及衛生用品,100.28,2.1
63000,108年,(三)個人隨身用品,97.32,3.03
63000,108年,(四)個人照顧服務費,94.83,1.52
63000,108年,(三)理容服務費,98.1,1.66
63000,108年,(四)其他,99.75,0.06
63000,109年,總指數,98.48,-0.18
63000,109年,一.食物類,97.43,0.58
63000,109年,(一)穀類及其製品,98.87,0.67
63000,109年,(二)肉類,96.97,1.34
63000,109年,(三)肉類製品,97.18,0.77
63000,109年,(四)蛋類,93.23,-4.37
63000,109年,(五)水產品,98.58,-0.4
63000,109年,(六)加工水產品,96.27,1.81
63000,109年,(七)蔬菜,89.49,-0.75
63000,109年,(八)加工蔬菜,98.71,0.57
63000,109年,(九)水果,93.75,-0.89
63000,109年,(十)加工水果,98.76,0.75
63000,109年,(十一)乳類,99.83,1.1
63000,109年,(十二)食用油,96.58,-1.13
63000,109年,(十三)調味品,99.22,-0.75
63000,109年,(十四)酒,98.62,0.69
63000,109年,(十五)非酒精性飲料及材料,100.14,0
63000,109年,(十六)調理食品,96.19,1.24
63000,109年,(十七)外食費,99.29,1.24
63000,109年,(十八)其他食品,98.13,0.75
63000,109年,二.衣著類,98.96,1.46
63000,109年,(一)成衣,98.57,1.84
63000,109年,(二)鞋類,100.54,0.45
63000,109年,(三)衣著服務及配件,96.91,0.47
63000,109年,三.居住類,99.5,0.33
63000,109年,(一)房租,99.46,1.07
63000,109年,(二)住宅維修費,97.61,0.05
63000,109年,(三)家庭用品,98.64,-1.01
63000,109年,(四)家庭管理費用,96.34,0.45
63000,109年,(五)水電燃氣,102.97,-5.26
63000,109年,四.交通及通訊類,94.31,-4.67
63000,109年,(一)交通及通訊設備,100.83,-0.87
63000,109年,(二)油料費,81.58,-17.61
63000,109年,(三)交通服務及維修零件,97.38,-0.81
63000,109年,五.醫藥保健類,99.86,0.69
63000,109年,(一)醫療費用,99.52,0.28
63000,109年,(二)藥品及保健食品,100.33,2.07
63000,109年,(三)醫療保健器材,100.88,-0.37
63000,109年,六.教養娛樂類,100.05,-0.68
63000,109年,(一)教養費用,100.22,0.75
63000,109年,(二)娛樂費用,99.9,-1.96
63000,109年,七.雜項類,99.63,0.78
63000,109年,(一)香菸及檳榔,98.82,0.64
63000,109年,(二)美容及衛生用品,100.21,-0.07
63000,109年,(三)個人隨身用品,100.14,2.9
63000,109年,(四)個人照顧服務費,96.82,2.1
63000,109年,(三)理容服務費,99,0.92
63000,109年,(四)其他,99.97,0.22
63000,110年,總指數,100,1.55
63000,110年,一.食物類,100,2.64
63000,110年,(一)穀類及其製品,100,1.14
63000,110年,(二)肉類,100,3.12
63000,110年,(三)肉類製品,100,2.9
63000,110年,(四)蛋類,100,7.26
63000,110年,(五)水產品,100,1.44
63000,110年,(六)加工水產品,100,3.87
63000,110年,(七)蔬菜,100,11.74
63000,110年,(八)加工蔬菜,100,1.31
63000,110年,(九)水果,100,6.67
63000,110年,(十)加工水果,100,1.26
63000,110年,(十一)乳類,100,0.17
63000,110年,(十二)食用油,100,3.54
63000,110年,(十三)調味品,100,0.79
63000,110年,(十四)酒,100,1.4
63000,110年,(十五)非酒精性飲料及材料,100,-0.14
63000,110年,(十六)調理食品,100,3.96
63000,110年,(十七)外食費,100,0.72
63000,110年,(十八)其他食品,100,1.91
63000,110年,二.衣著類,100,1.05
63000,110年,(一)成衣,100,1.45
63000,110年,(二)鞋類,100,-0.54
63000,110年,(三)衣著服務及配件,100,3.19
63000,110年,三.居住類,100,0.5
63000,110年,(一)房租,100,0.54
63000,110年,(二)住宅維修費,100,2.45
63000,110年,(三)家庭用品,100,1.38
63000,110年,(四)家庭管理費用,100,3.8
63000,110年,(五)水電燃氣,100,-2.88
63000,110年,四.交通及通訊類,100,6.03
63000,110年,(一)交通及通訊設備,100,-0.82
63000,110年,(二)油料費,100,22.58
63000,110年,(三)交通服務及維修零件,100,2.69
63000,110年,五.醫藥保健類,100,0.14
63000,110年,(一)醫療費用,100,0.48
63000,110年,(二)藥品及保健食品,100,-0.33
63000,110年,(三)醫療保健器材,100,-0.87
63000,110年,六.教養娛樂類,100,-0.05
63000,110年,(一)教養費用,100,-0.22
63000,110年,(二)娛樂費用,100,0.1
63000,110年,七.雜項類,100,0.37
63000,110年,(一)香菸及檳榔,100,1.19
63000,110年,(二)美容及衛生用品,100,-0.21
63000,110年,(三)個人隨身用品,100,-0.14
63000,110年,(四)個人照顧服務費,100,3.28
63000,110年,(三)理容服務費,100,1.01
63000,110年,(四)其他,100,0.03
63000,111年,總指數,102.69,2.69
63000,111年,一.食物類,104.92,4.92
63000,111年,(一)穀類及其製品,105.99,5.99
63000,111年,(二)肉類,105.27,5.27
63000,111年,(三)肉類製品,104.48,4.48
63000,111年,(四)蛋類,125.02,25.02
63000,111年,(五)水產品,105.34,5.34
63000,111年,(六)加工水產品,105.3,5.3
63000,111年,(七)蔬菜,99.32,-0.68
63000,111年,(八)加工蔬菜,108.99,8.99
63000,111年,(九)水果,105.59,5.59
63000,111年,(十)加工水果,103.08,3.08
63000,111年,(十一)乳類,103.09,3.09
63000,111年,(十二)食用油,107.34,7.34
63000,111年,(十三)調味品,102.34,2.34
63000,111年,(十四)酒,100.46,0.46
63000,111年,(十五)非酒精性飲料及材料,101.64,1.64
63000,111年,(十六)調理食品,106.86,6.86
63000,111年,(十七)外食費,105.38,5.38
63000,111年,(十八)其他食品,102.61,2.61
63000,111年,二.衣著類,99.85,-0.15
63000,111年,(一)成衣,99.18,-0.82
63000,111年,(二)鞋類,101.67,1.67
63000,111年,(三)衣著服務及配件,101.7,1.7
63000,111年,三.居住類,101.74,1.74
63000,111年,(一)房租,101.49,1.49
63000,111年,(二)住宅維修費,106.55,6.55
63000,111年,(三)家庭用品,102.37,2.37
63000,111年,(四)家庭管理費用,101.06,1.06
63000,111年,(五)水電燃氣,102.4,2.4
63000,111年,四.交通及通訊類,102.35,2.35
63000,111年,(一)交通及通訊設備,102.56,2.56
63000,111年,(二)油料費,108.31,8.31
63000,111年,(三)交通服務及維修零件,100.07,0.07
63000,111年,五.醫藥保健類,100.62,0.62
63000,111年,(一)醫療費用,100.29,0.29
63000,111年,(二)藥品及保健食品,101.55,1.55
63000,111年,(三)醫療保健器材,100.28,0.28
63000,111年,六.教養娛樂類,103.19,3.19
63000,111年,(一)教養費用,101.47,1.47
63000,111年,(二)娛樂費用,104.77,4.77
63000,111年,七.雜項類,101.73,1.73
63000,111年,(一)香菸及檳榔,100.05,0.05
63000,111年,(二)美容及衛生用品,103.85,3.85
63000,111年,(三)個人隨身用品,101.63,1.63
63000,111年,(四)個人照顧服務費,103.6,3.6
63000,111年,(三)理容服務費,102.9,2.9
63000,111年,(四)其他,99.96,-0.04
63000,112年,總指數,106.81,4.01
63000,112年,一.食物類,110.36,5.18
63000,112年,(一)穀類及其製品,110.36,4.12
63000,112年,(二)肉類,112.68,7.04
63000,112年,(三)肉類製品,109.48,4.79
63000,112年,(四)蛋類,138.19,10.53
63000,112年,(五)水產品,108.72,3.21
63000,112年,(六)加工水產品,108.96,3.48
63000,112年,(七)蔬菜,103.89,4.6
63000,112年,(八)加工蔬菜,113.46,4.1
63000,112年,(九)水果,116.59,10.42
63000,112年,(十)加工水果,104.89,1.76
63000,112年,(十一)乳類,105.73,2.56
63000,112年,(十二)食用油,112.9,5.18
63000,112年,(十三)調味品,105.82,3.4
63000,112年,(十四)酒,101.6,1.13
63000,112年,(十五)非酒精性飲料及材料,106.83,5.11
63000,112年,(十六)調理食品,112.85,5.61
63000,112年,(十七)外食費,110.15,4.53
63000,112年,(十八)其他食品,105.63,2.94
63000,112年,二.衣著類,100.92,1.07
63000,112年,(一)成衣,100.32,1.15
63000,112年,(二)鞋類,101.45,-0.22
63000,112年,(三)衣著服務及配件,105.59,3.82
63000,112年,三.居住類,103.66,1.89
63000,112年,(一)房租,103.31,1.79
63000,112年,(二)住宅維修費,109.63,2.89
63000,112年,(三)家庭用品,103.26,0.87
63000,112年,(四)家庭管理費用,106.83,5.71
63000,112年,(五)水電燃氣,103.95,1.51
63000,112年,四.交通及通訊類,103.4,1.03
63000,112年,(一)交通及通訊設備,104.15,1.55
63000,112年,(二)油料費,108.37,0.06
63000,112年,(三)交通服務及維修零件,101.37,1.3
63000,112年,五.醫藥保健類,103.4,2.76
63000,112年,(一)醫療費用,103.5,3.2
63000,112年,(二)藥品及保健食品,103.96,2.37
63000,112年,(三)醫療保健器材,101.93,1.65
63000,112年,六.教養娛樂類,115.64,12.07
63000,112年,(一)教養費用,101.14,-0.34
63000,112年,(二)娛樂費用,128.91,23.04
63000,112年,七.雜項類,104.11,2.34
63000,112年,(一)香菸及檳榔,100.27,0.22
63000,112年,(二)美容及衛生用品,106.99,3.02
63000,112年,(三)個人隨身用品,104.11,2.44
63000,112年,(四)個人照顧服務費,104.61,0.97
63000,112年,(三)理容服務費,108.18,5.13
63000,112年,(四)其他,101.16,1.2
63000,113年,總指數,108.73,1.8
63000,113年,一.食物類,113.98,3.28
63000,113年,(一)穀類及其製品,113.04,2.43
63000,113年,(二)肉類,117.54,4.31
63000,113年,(三)肉類製品,111.98,2.28
63000,113年,(四)蛋類,115.37,-16.51
63000,113年,(五)水產品,111.39,2.46
63000,113年,(六)加工水產品,112.87,3.59
63000,113年,(七)蔬菜,111.28,7.11
63000,113年,(八)加工蔬菜,115.15,1.49
63000,113年,(九)水果,126.08,8.14
63000,113年,(十)加工水果,108.92,3.84
63000,113年,(十一)乳類,105.48,-0.24
63000,113年,(十二)食用油,122.32,8.34
63000,113年,(十三)調味品,108.6,2.63
63000,113年,(十四)酒,104.3,2.66
63000,113年,(十五)非酒精性飲料及材料,108.33,1.4
63000,113年,(十六)調理食品,116.52,3.25
63000,113年,(十七)外食費,113.25,2.81
63000,113年,(十八)其他食品,108.73,2.93
63000,113年,二.衣著類,101.48,0.55
63000,113年,(一)成衣,101.19,0.87
63000,113年,(二)鞋類,101.35,-0.1
63000,113年,(三)衣著服務及配件,105.66,0.07
63000,113年,三.居住類,104.85,1.15
63000,113年,(一)房租,104.39,1.05
63000,113年,(二)住宅維修費,111.77,1.95
63000,113年,(三)家庭用品,104.19,0.9
63000,113年,(四)家庭管理費用,107.55,0.67
63000,113年,(五)水電燃氣,106.56,2.51
63000,113年,四.交通及通訊類,103.52,0.12
63000,113年,(一)交通及通訊設備,102.57,-1.52
63000,113年,(二)油料費,107.33,-0.96
63000,113年,(三)交通服務及維修零件,102.34,0.96
63000,113年,五.醫藥保健類,106.41,2.91
63000,113年,(一)醫療費用,108.14,4.48
63000,113年,(二)藥品及保健食品,105.05,1.05
63000,113年,(三)醫療保健器材,101.16,-0.76
63000,113年,六.教養娛樂類,117.44,1.56
63000,113年,(一)教養費用,102.94,1.78
63000,113年,(二)娛樂費用,130.72,1.4
63000,113年,七.雜項類,105.82,1.64
63000,113年,(一)香菸及檳榔,102,1.73
63000,113年,(二)美容及衛生用品,108.23,1.16
63000,113年,(三)個人隨身用品,105.64,1.47
63000,113年,(四)個人照顧服務費,105.76,1.1
63000,113年,(三)理容服務費,113.93,5.32
63000,113年,(四)其他,101.84,0.67
63000,114年,總指數,110.59,1.71
63000,114年,一.食物類,117.79,3.34
63000,114年,(一)穀類及其製品,115.27,1.97
63000,114年,(二)肉類,124.07,5.56
63000,114年,(三)肉類製品,115.25,2.92
63000,114年,(四)蛋類,112.02,-2.9
63000,114年,(五)水產品,114.78,3.04
63000,114年,(六)加工水產品,114.42,1.37
63000,114年,(七)蔬菜,110.05,-1.11
63000,114年,(八)加工蔬菜,116.52,1.19
63000,114年,(九)水果,135.18,7.22
63000,114年,(十)加工水果,110.85,1.77
63000,114年,(十一)乳類,105.47,-0.01
63000,114年,(十二)食用油,128.01,4.65
63000,114年,(十三)調味品,110.99,2.2
63000,114年,(十四)酒,103.31,-0.95
63000,114年,(十五)非酒精性飲料及材料,109.57,1.14
63000,114年,(十六)調理食品,120.43,3.36
63000,114年,(十七)外食費,117.85,4.06
63000,114年,(十八)其他食品,110.22,1.37
63000,114年,二.衣著類,98.7,-2.74
63000,114年,(一)成衣,97,-4.14
63000,114年,(二)鞋類,101.35,0
63000,114年,(三)衣著服務及配件,106.03,0.35
63000,114年,三.居住類,106.5,1.57
63000,114年,(一)房租,106.19,1.72
63000,114年,(二)住宅維修費,112.72,0.85
63000,114年,(三)家庭用品,103.83,-0.35
63000,114年,(四)家庭管理費用,111.56,3.73
63000,114年,(五)水電燃氣,108.18,1.52
63000,114年,四.交通及通訊類,102.23,-1.25
63000,114年,(一)交通及通訊設備,100.26,-2.25
63000,114年,(二)油料費,102.02,-4.95
63000,114年,(三)交通服務及維修零件,102.67,0.32
63000,114年,五.醫藥保健類,108.25,1.73
63000,114年,(一)醫療費用,110.35,2.04
63000,114年,(二)藥品及保健食品,105.26,0.2
63000,114年,(三)醫療保健器材,104.62,3.42
63000,114年,六.教養娛樂類,119.61,1.85
63000,114年,(一)教養費用,104.41,1.43
63000,114年,(二)娛樂費用,133.51,2.13
63000,114年,七.雜項類,107.55,1.63
63000,114年,(一)香菸及檳榔,103.93,1.89
63000,114年,(二)美容及衛生用品,108.57,0.31
63000,114年,(三)個人隨身用品,110.17,4.29
63000,114年,(四)個人照顧服務費,107.39,1.54
63000,114年,(五)理容服務費,117.28,2.94
63000,114年,(六)其他,102.07,0.23
