編號,工程編號,徵收案件名稱,核准徵收文號,公告徵收文號,原始保管金額
1,89005,交八(中正24號)交通廣場私地部份及廣場旁道路用地簡易綠化工程,890505台內地字第8906659號,890512府地四字第8903958600號,210088355
2,89020,洲美快速道路第1期新建工程(與社子快速道路重疊部分及士林43號道路),890506台內地字第8972671號,890512府地四字第8903977000號,26899903
3,89035,中正三元街暨接順相關巷道拓寬工程(補辦),890203台內地字第8902686號,890512府地四字第8903749400號,307946
4,89037,臺北都會區大眾捷運系統南港線東延段工程,890811台內地字第8961509號,890814府地四字第8907512800號,637202
5,89201,士林天玉街38巷16弄排水改善工程,890505台內地字第8976663號,890512府地四字第8903961100號,11138400
6,89512,士林21號公園擴建工程(農作改良物),890202台內地字第8903186號,890321府地四字第8901755300號,554433
7,89513,士林 21 號公園擴建工程（建築改良物）,890202台內地字第8903186號,890321府地四字第8901755300號,56801241
8,89515,交八(中正24號)交通廣場私地部份及廣場旁道路用地簡易綠化工程(建築改良物),890505台內地字第8906659號,890512府地四字第8903958600號,7454749
9,89704,士林 21 號公園擴建工程(營業損失),890202台內地字第8903186號,890321府地四字第8901755300號,5253300
10,89706,士林 21 號公園擴建工程(遷移費),890202台內地字第8903186號,890321府地四字第8901755300號,224000
11,89010,信義區吳興街320巷至394巷(惠安公園東側)道路新築工程,891013台內地字第8973723號,891024府地四字第8909610400號,1583625
12,89202,內湖康寧路1段255巷清白市場週邊道路排水工程,890922台內地字第8965729號,891004府地四字第8908926700號,2407421
13,89203,南港南深路道路拓寬工程,891121台內地字第8962252號,891123府地四字第8910758700號,18225600
14,89304,博愛專案新建工程,891122台內地字第8966148號,900411府地四字第9003976400號,45301919
15,89519,國立台灣大學為興建校舍規劃道路、庭園佈置(丙案)工程,761228台內地字第559022號,890921府地四字第8908391100號,45136
16,90003,士林福港街排水改善工程,900427台內地字第9076565號,900503府地四字第9004985200號,1764000
17,90004,士林天母國小東北側道路第一期拓寬工程,900426台內地字第9072793號,900507府地四字第9004965300號,6793200
18,90005,士林士林紙廠西側道路暨接順相關巷道新築工程,900508台內地字第9064890號,900511府地四字第9005663000號,283200
19,90006,士林天母游泳池東側前段道路拓寬工程,900427台內地字第9060816號,900504府地四字第9005003200號,2625000
20,90007,士林延平北路5段83巷28弄道路第一期拓寬工程,900426台內地字第9060803號,900503府地四字第9004964800號,9321362
21,90008,士林社正路17巷旁道路拓寬工程,900508台內地字第9068976號,900514府地四字第9005582600號,32207903
22,90009,士林中山北路7段141巷14弄道路拓寬工程,900426台內地字第9060799號,900511府地四字第9004965000號,3054720
23,90010,士林菁山路中段道路拓寬工程,900419台內地字第9064702號,900426府地四字第9004575400號,3069968
24,90012,北投公館路63巷道路第一期拓寬工程,900426台內地字第9064784號,900503府地四字第9004964600號,13344000
25,90014,內湖內湖路2段301巷道路拓寬工程,900508台內地字第9060892號,900511府地四字第9005582300號,885600
26,90016,內湖新明路380巷道路拓寬工程,900426台內地字第9076556號,900503府地四字第9004965100號,12928320
27,90017,內湖康寧路3段245巷(安康路以北)道路拓寬工程,900419台內地字第9068821號,900424府地四字第9004575300號,10752000
28,90018,內湖成功路4段167巷中段道路拓寬工程,900507台內地字第9068954號,900511府地四字第9005523400號,9476
29,90022,中山北安路554巷道路新築工程,900426台內地字第9072804號,900507府地四字第9004964400號,36880743
30,90023,南港研究院路2段2巷末段道路新築工程,900509台內地字第9064908號,900514府地四字第9005717800號,11033526
31,90027,信義吳興街156巷7弄至220巷11弄道路拓寬工程,900419台內地字第9060717號,900426府地四字第9004710500號,3931869
32,90028,文山景後街149巷道路拓寬工程,900419台內地字第9060716號,900430府地四字第9004710600號,4532737
33,90029,文山公館街拓寬工程,900508台內地字第9076643號,900514府地四字第9005651200號,2013557
34,90031,文山萬盛街130巷末段拓寬工程,900426台內地字第9068891號,900503府地四字第9004964300號,2148369
35,90032,文山興隆路1段271巷4弄道路拓寬工程,900508台內地字第9076644號,900514府地四字第9005651500號,103440
36,90033,大同迪化街2段附近道路第2期新築工程,900426台內地字第9060798號,900503府地四字第9004964900號,1277123
37,90034,大同延平北路3段18巷道路新築工程,900508台內地字第9060894號,900511府地四字第9005582100號,489642
38,90036,萬華和平西路3段159巷道路新築工程,900430台內地字第9064808號,900503府地四字第9005062400號,6770910
39,90037,中正區羅斯福路1段95巷道路新築工程,900426台內地字第9060802號,900503府地四字第9004964700號,1044000
40,90038,萬華萬華 12 號(龍山寺)公園新建工程,900509台內地字第9068996號,900514府地四字第9005663200號,522948
41,90039,萬華 400 號公園新建工程 (電影主題公園),900509台內地字第9060916號,900514府地四字第9005663300號,1410824988
42,90041,大同大同 22 號(大稻埕)廣場新建工程,900508台內地字第9060893號,900514府地四字第9005582400號,16097064
43,90042,士林 129 號綠地新建工程,900508台內地字第9064892號,900514府地四字第9005663100號,17918544
44,90043,內湖 64 號公園新建工程,900511台內地字第9008152號,900514府地四字第9005774500號,157208
45,90044,台北市立南湖高級中學擴建工程,900508台內地字第9060891號,900511府地四字第9005582200號,1259040
46,90045,南港舊莊區民活動中心興建工程,900426台內地字第9072792號,900511府地四字第9004965200號,273496
47,90047,內溝溪下游段整治工程,900509台內地字第9060915號,900514府地四字第9005663400號,85513654
48,90048,基隆河南湖大橋上游右岸堤防及兩岸堤外整地工程,900511台內地字第9076661號,900514府地四字第9005774600號,23951698
49,90051,台北聯絡線信義支線工程,900511台內地字第9076668號,900514府地四字第9005774700號,113092204
50,90052,中正台北車站特定區北平西路工程(補辦),900508台內地字第9068972號,900514府地四字第9005582500號,126065
51,90302,士林區 陽明山國家公園冷水坑遊憩區工程,900427台內地字第9060818號,900514府地四字第9005003100號,594444
52,90053,台北聯絡線信義支線工程(南隧道南、北口及北隧道南、北口) (補辦),901011台內地字第9061942號,901018府地四字第9016781000號,16980397
53,90054,台北都會區大眾捷運系統木柵(內湖)延伸線工程,900828台內地字第9069718號,900921府地四字第9010694800號,82210494
54,90055,南港南深路道路拓寬工程 ,901228台內地字第9070603號,910107府地四字第9019019100號,163236
55,90303,核二仙渡三四五仟伏輸電線路第八十五號及九十號等二座鐵塔用地工程,900628台內地字第9069261號,901126府地四字第9017876500號,184920
56,90304,台北松山機場北邊土地產權完整性及俾利機場內飛安管理需要工程,900629台內地字第9069286號,900921府地四字第9011112000號,510669360
57,90305,中山高速公路台北市路段既成道路暨漏辦徵收土地工程,900817台內地字第9061532號,900924府地四字第9010694500號,23415201
58,90309,交通部民用航空局台北松山機場民航區工程,901025台內地字第9070125號,901113府地四字第9016842500號,43831949
59,90504,台北都會區大眾捷運系統木柵(內湖)延伸線工程 (地上權),900828台內地字第9069718號,900921府地四字第9010694800號,69542
60,90505,台北都會區大眾捷運系統木柵(內湖)延伸線工程 (建築改良物),900828台內地字第9069718號,900921府地四字第9010694800號,4449436
61,90506,興建核二～仙渡三四五仟伏輸電線路第八十五號及九十號等二座鐵塔用地工程 (農作改良物),900628台內地字第9069261號,901126府地四字第9017876500號,2889
62,90610,內湖成功路二段(內湖交流道附近)東北側六米道路新築工程 (一併),901116台內地字第9074135號,901122府地四字第9017918000號,22768
63,90701,台北都會區大眾捷運系統木柵(內湖)延伸線工程 (營業補助),900828台內地字第9069718號,900921府地四字第9010694800號,59981
64,911001,內湖區 內溝溪下游整治工程,910712台內地字第0910071318號,910725府地四字第09117414800號,12646921
65,911002,北投區 洲美堤防新建工程(共構段),910509台內地字第0910068370號,910514府地四字第09114391400號,17285328
66,911005,大同區 哈密街59巷53弄道路拓寬工程,910424台內地字第0910060686號,910509府地四字第09114122800號,103262
67,911006,大同區 民權西路160巷26弄第二期道路拓寬工程,910424台內地字第0910065784號,910501府地四字第09114122300號,10252
68,911007,大同延平北路3段18巷道路第二期新築工程,910424台內地字第0910068222號,910507府地四字第09114109000號,3314707
69,911009,北投義方國小東側道路新築工程,910408台內地字第0910070604號,910422府地四字第09112274200號,270104
70,911012,信義 莊敬路197巷道路拓寬工程,910430台內地字第0910060734號,910513府地四字第09114228500號,2026148
71,911013,內湖 124 號公園新建工程,911017台內地字第0910061924號,911024府地四字第09125508500號,7563601
72,911018,警察局萬華分局武昌街派出所新建工程,910424台內地字第0910068221號,910503府地四字第09114109200號,276988734
73,911021,南港中央研究院研究所溫室、人文社會科學館進出道路及相關設施工程,901228台內地字第9078165號,910412府地四字第09112202700號,525276
74,911027,博愛案營區工程,910124台內地字第0910070200號,910129府地四字第09104629700號,276183634
75,911031,士林天母游泳池東側前段道路拓寬工程 (一併),910509台內地字第0910063293號,910514府地四字第09114391900號,1028160
76,911032,北投一六二號綠地新建工程,910430台內地字第0910068279號,910508府地四字第09114213800號,5456
77,911034,台北市區鐵路地下化東延南港工程(南港專案)台北市段工程,910513台內地字第0910068411號,910514府地四字第09114441000號,41995172
78,911038,台灣警察專科學校為校區完整需要工程,910619台內地字第0910071157號,910628府地四字第09116572900號,1392000
79,911041,國防部空軍總司令部為松山機場需要工程,910819台內地字第0910066679號,910903府地四字第09119245700號,138000
80,90051,台北聯絡線信義支線工程,900511台內地字第9076668號,900514府地四字第9005774700號,9971155
81,911004,萬華和平陸橋拆除暨道路改善工程,910930台內地字第0910064235號,911011府地四字第09121552500號,407880
82,911014,內湖 125 號公園新建工程,911017台內地字第0910064328號,911023府地四字第09125508600號,95760
83,911040,臺北都會區大眾捷運系統新莊線(民權西路站出入口、松江南京站出入口)工程,910905台內地字第0910069271號,910913府地四字第09120819900號,6841663
84,911049,臺北都會區大眾捷運系統木柵延伸(內湖)線港墘站工程,911018台內地字第0910067150號,911029府地四字第09125539300號,71694977
85,911058,臺北都會區大眾捷運系統新莊線東門站出入口工程,911022台內地字第0910069597號,911028府地四字第09125583600號,9861221
86,911050,臺北都會區大眾捷運系統木柵延伸(內湖)線(交十五)工程,911001台內地字第0910067042號,911011府地四字第09123154500號,468243
87,911054,臺北都會區大眾捷運系統新莊線忠孝新生站聯合開發區(捷十四)工程,911017台內地字第0910069562號,911031府地四字第09125508700號,5207280
88,911063,臺北都會區大眾捷運系統新莊線民權西路站、中山國小站、松江南京站、忠孝新生站徵收地上權工程,911107台內地字第0910062063號,911115府地四字第09125944700號,112493388
89,911064,內湖六十四號公園新建工程 (更正),911108台內地字第0910014354號,911114府地四字第09125986800號,1111510
90,911068,國立政治大學因興建國際關係研究中心研究大樓工程(一併),911203台內地字第0910072352號,911211府地四字第09128805100號,118440
91,912009,臺北都會區大眾捷運系統新莊線忠孝新生站(捷十四)工程(建築改良物),911017台內地字第0910069562號,911031府地四字第09125508700號,1124440
92,912012,臺北市臺北都會區大眾捷運系統木柵線(麟光站交九用地聯合開發計畫)工程(建築改良物),911113台內地字第0910072209號,911115府地四字第09126112900號,2533705
93,913010,臺北市臺北都會區大眾捷運系統木柵線(麟光站交九用地聯合開發計畫)工程(農作改良物),911113台內地字第0910072209號,911115府地四字第09126112900號,115924
94,921003,中山松江路402巷7弄道路工程(下設排水),920502台內地字第0920069980號,920512府地四字第09214144000號,252520
95,921006,內湖康寧路1段164巷東側道路新築工程,920320台內地字第0920069644號,920331府地四字第09209092200號,7955783
96,921007,中山龍江路114巷南側道路新築工程,920407台內地字第0920073156號,920411府地四字第09210498800號,105658
97,921008,士林中正路635巷道路新築工程,920618台內地字第0920064355號,920627府地四字第09215831400號,1079779
98,921009,士林前街107號旁道路第1期新築工程,920407台內地字第0920066777號,920418府地四字第09202062500號,1202114
99,921010,萬華雙園國小西北側道路新築工程,920407台內地字第0920073155號,920422府地四字第09210498100號,8355780
100,921012,文山和興路26巷道路第1期拓寬工程,920407台內地字第0920069761號,920416府地四字第09210498500號,444000
101,921015,北投區洲美防潮堤2200公尺滲水及舌閥等修復工程(第1標),920523台內地字第0920061116號,920530府地四字第09214913800號,761987
102,921025,內溝區民活動中心工程,920407台內地字第0920072283號,920414府地四字第09210509600號,237300
103,921027,臺北都會區大眾捷運系統內湖線出土段工程,920505台內地字第0920066887號,920512府地四字第09214171200號,4199040
104,921029,臺北都會區大眾捷運系統新店線萬隆站(交六、七)工程,920502台內地字第0920060925號,920603府地四字第09202091000號,14788584
105,921030,臺北都會區大眾捷運系統木柵延伸(內湖)線(交十五)(二)工程,920502台內地字第0920066884號,920519府地四字第09214162000號,897600
106,921031,台北都會區大眾捷運系統木柵線延伸(內湖)線大直站工程徵收地上權,920704台內地字第0920072558號,920711府地四字第09216674900號,2117271
107,921035,臺北都會區大眾捷運系統內湖線(機場用地變更為交通用地)工程,920624台內地字第0920064398號,920702府地四字第09215907100號,7586280
108,921036,臺北都會區大眾捷運系統內湖線(機場用地變更為交通用地二) 工程,920624台內地字第0920067285號,920702府地四字第09215906900號,16606111
109,921039,大同延平北路3段18巷道路第二期新築工程(一併),920703台內地字第0920067356號,920711府地四字第09216623400號,1359166
110,921044,國醫中心營區,920924台內地字第0920068078號,921002府地四字第09224452300號,1187304
111,921046,台北都會區大眾捷運系統南港線東延段工程(地上權),920908台內地字第0920074442號,920916府地四字第09222065800號,997900
112,921047,中央研究院辦理都市計畫變更後院區整體發展工程,920908台內地字第0920067959號,920918府地四字第09222068600號,4770
113,921050,臺北都會區大眾捷運系統內湖線(機場用地變更為交通用地)工程(一併）,920918台內地字第0920068029號,920924府地四字第09224347200號,2188350
114,922005,士林區1號公園擴建工程 (建築改良物),920825台內地字第0920064912號,920910府地四字第09215714000號,4653664
115,923003,士林區1號公園擴建工程 (農作改良物),920825台內地字第0920064912號,920910府地四字第09215714000號,232106
116,911009,北投義方國小東側道路新築工程,910408台內地字第0910070604號,910422府地四字第09112274200號,100
117,921004,磺港溪壓力箱涵分洪工程,920918台內地字第0920065089號,921103府地四字第09215741600號,31762411
118,921041,景美溪（恒光橋上游至指南溪出口段）河道整治工程,921111台內地字第0920071244號,921114府地四字第09225846400號,48348939
119,921054,台北都會區大眾捷運系統新莊線東門站工程(地上權）,921020台內地字第0920071066號,921103府地四字第09225352500號,14598280
120,921059,文山區木柵國民小學擴建工程,921219台內地字第0920071561號,921225府地四字第09228557000號,283680
121,921060,台北市區鐵路地下化東延南港工程(南港專案）台北市段工程(補辦徵收）,921231台內地字第0920062887號,930129府地四字第09304898200號,379600
122,922006,北投磺港溪壓力箱涵分洪工程(建築改良物),920918台內地字第0920065089號,921103府地四字第09215741600號,1572000
123,924001,北投磺港溪壓力箱涵分洪工程(營業損失),920918台內地字第0920065089號,921103府地四字第09215741600號,480000
124,931001,磺港溪壓力箱涵分洪工程(三合街至大興街),930102台內地字第0930071618號,930127府地四字第09304895200號,16437232
125,931002,景美溪(恒光橋上游至指南溪出口段)河道整治工程,930617台內地字第0930067052號,930628府地四字第09314490900號,34852230
126,931009,北投光明路前段道路及人行步道工程,930119台內地字第0930068761號,930202府地四字第09302416600號,14654
127,931011,北投秀山國小東側道路新築工程,930219台內地字第0930065967號,930223府地四字第09302944300號,49946
128,931012,內湖區內湖路1段629巷27弄道路新築工程,930219台內地字第0930062987號,930226府地四字第09302944700號,21803376
129,931013,大同重慶北路3段312巷西側第一期道路新築工程,930219台內地字第0930071938號,930303府地四字第09304929900號,2558905
130,931017,大安大安路一段231號旁道路拓寬工程,930127台內地字第0930062801號,930202府地四字第09302497000號,2081782
131,931018,北投公館路228巷25弄道路新築工程,930308台內地字第0930066108號,930311府地四字第09309003100號,275340
132,931019,信義忠孝東路五段372巷28弄道路新築工程,930127台內地字第0930060179號,930202府地四字第09302496900號,139403
133,931020,台灣電力股份有限公司興建陽明~興仁~北投六九仟伏輸電線路連接站工程,921111台內地字第0920068482號,921113府地四字第09225846200號,155521
134,931021,士林社中街156巷40弄旁道路新築工程,930218台內地字第0930060355號,930311府地四字第09304939900號,2245882
135,931023,萬華雙園國小西側南段道路新築工程,930219台內地字第0930074279號,930220府地四字第09302944400號,5059200
136,931025,南港成福路107巷、121巷第1期道路新築工程,930316台內地字第0930069222號,930323府地四字第09309317200號,18367623
137,931027,文山萬壽路中段道路拓寬工程,930316台內地字第0930063187號,930317府地四字第09309317100號,21056434
138,931030,士林延平北路五段83巷28弄道路第1期拓寬工程,930726台內地字第0930061703號,930804府地四字第09318178500號,482098
139,931031,松山撫遠街機場東側道路新築工程,930520台內地字第0930063764號,930524府地四字第09313960500號,31255779
140,931034,國立陽明大學為求校地完整、擴校發展及水土保持需要工程,930602台內地字第0930072798號,930609府地四字第09314198000號,2294051
141,931037,北投復興高中東側道路新築工程,930607台內地字第0930074646號,930616府地四字第09314291700號,21575
142,931039,臺北都會區大眾捷運系統內湖線高架段工程穿越(內湖路一段及文德路)(地上權),930810台內地字第0930061815號,930812府地四字第09318473200號,2778790
143,931040,臺北都會區大眾捷運系統內湖線高架段工程穿越(內湖路一段及文德路),930721台內地字第0930070139號,930723府地四字第09318078200號,1702220
144,931041,臺北都會區大眾捷運系統內湖線高架段工程穿越(內湖站至南湖大橋間),930806台內地字第0930067547號,930816府地四字第09318431300號,12168000
145,931042,臺北都會區大眾捷運系統內湖線高架段工程穿越(內湖站至南湖大橋間)(地上權),930812台內地字第0930067606號,930819府地四字第09318524300號,10554602
146,931044,臺北都會區大眾捷運系統內湖線高架段工程穿越（北安路）,930806台內地字第0930067543號,930812府地四字第09318416300號,5692897
147,931046,台北市區鐵路地下化東延南港工程(簡稱南港專案)南港車站地下化工程(徵收地上權),930721台內地字第0930061633號,930810府地四字第09319147700號,696846
148,931049,臺北都會區大眾捷運系統信義線工程,930920台內地字第0930073770號,930924府地四字第09321813200號,2849280
149,931051,臺北都會區大眾捷運系統內湖線高架段工程穿越(北安路)(地上權),930812台內地字第0930064585號,930818府地四字第09318524200號,899515
150,931052,東湖地區聯外山區線道路新築工程,931022台內地字第0930065187號,931022府地四字第09322471200號,16253933
151,931053,國際關係研究中心研究大樓工程,930916台內地字第0930064861號,930923府地四字第09321772900號,11823801
152,931054,臺北都會區大眾捷運系統信義線安和路站（出入口）工程,930917台內地字第0930067867號,930929府地四字第09321801100號,1544334
153,931056,東湖地區聯外山區線道路新築工程(穿越保護區)徵收地上權,931020台內地字第0930074056號,931022府地四字第09322434700號,348342
154,921046,台北都會區大眾捷運系統南港線東延段工程(地上權),920908台內地字第0920074442號,920916府地四字第09222065800號,47757
155,931050,人文社會科學館院內進出道路及溫室相關設施工程（含扣交佃農補償費）,930811台內地字第0930073447號,930906府地四字第09319166500號,15901667
156,931057,北二高台北聯絡線信義支線穿越（保護區）用地徵收地上權,931007台內地字第0930065037號,931110府地四字第09323029900號,12497584
157,931060,配合台北市松山撫遠街機場東側道路新築工程暨改善飛安需求工程(一),931022台內地字第0930068171號,931029府地四字第09322472000號,165985766
158,931061,配合台北市松山撫遠街機場東側道路新築工程暨改善飛安需求工程(二),931022台內地字第0930074082號,931029府地四字第09322471900號,4996511
159,931062,臺北都會區大眾捷運系統信義線聯合開發區(捷)工程,931022台內地字第0930065181號,931101府地四字第09322473200號,1532034
160,931065,臺北都會區大眾捷運系統內湖線高架段工程穿越(內湖路一段)(地上權),931104台內地字第0930065302號,931115府地四字第09322726100號,1322170
161,931066,臺北都會區大眾捷運系統內湖線高架段工程穿越(內湖路一段),931221台內地字第0930110122號,940119府地四字第09404559000號,996312
162,931067,內溝溪中游段河道整治工程(第1標、第2標)（台北市轄）,931126台內地字第0930016426號,931129府地四字第09326042100號,194844187
163,933003,內溝溪中游段河道整治工程(第1標、第2標) (台北市轄) (農作改良物),931126台內地字第0930016426號,931129府地四字第09326042100號,674700
164,941001,磺港溪壓力箱涵分洪工程(大興街至大業路五一六巷),940317台內地字第0940068609號,940322府地四字第09412206100號,21092573
165,941003,景美溪(恆光橋上游至指南溪出口段)河道整治工程,940318台內地字第0940076671號,940328府地四字第09412249000號,8425547
166,941004,內湖六十四號清白公園擴建工程,940318台內地字第0940060678號,940328府地四字第09412248900號,23284080
167,941006,士林國中綜合教學大樓工程及配合校園整體規劃需要,941005台內地字第0940062549號,941012府地四字第09422877800號,15246921
168,941008,內湖區中山高速公路北側康寧路3段245巷以東部分道路工程,940103台內地字第0940072002號,940214府地四字第09404588200號,158608
169,941009,內湖康樂抽水站旁跨內溝溪橋樑新建及周邊道路改善工程,940330台內地字第0940064690號,940411府地四字第09412834800號,191243
170,941011,內湖大湖山莊街底調洪沈砂池新建工程,940203台內地字第0940072250號,940510府地四字第09413364300號,228707641
171,941014,萬華三水街西段道路拓寬工程,940509台內地字第0940069102號,940516府地四字第09414334700號,30447349
172,941016,南港中南街134巷道路拓寬工程,940722台內地字第0940065801號,940725府地四字第09419882900號,2397604
173,941020,菁山慢濾場出入口工程,940304台內地字第0940072477號,940314府地四字第09411957800號,4548
174,941021,貓空纜車興建工程,940905台內地字第0940078130號,940905府地四字第09419779800號,19099464
175,941022,貓空纜車興建工程(徵收地上權),940905台內地字第0940062331號,940905府地四字第09419779900號,19392020
176,941031,臺北都會區大眾捷運系統信義線(大安站)工程(地上權),940921台內地字第0940062454號,940928府地四字第09422576000號,60706
177,941032,臺北都會區大眾捷運系統木柵延伸(內湖)線文德站第二出入口高架工程(地上權),940725台內地字第0940065806號,940802府地四字第09419904700號,67593
178,941033,臺北都會區大眾捷運系統新莊線東門站出入口工程,940808台內地字第0940070065號,940816府地四字第09420168200號,1865270
179,941034,松山機場內私有土地徵收案,940822台內地字第0940062211號,940829府地四字第09421202900號,13900065
180,941039,內湖大湖山莊街底調洪沉砂池新建工程(一併),940921台內地字第0940066267號,940928府地四字第09414296600號,2256
181,941041,飛鵰營區工程,941012台內地字第0940078521號,941019府地四字第09423007300號,12849226
182,943001,大湖山莊街底調洪沉砂池新建工程(農作改良物),940203台內地字第0940072250號,940510府地四字第09413364300號,2359177
183,943004,貓空纜車興建工程(農作改良物),940905台內地字第0940078130號,940905府地四字第09419779800號,613563
184,931033,北投線空中纜車新建工程,941110台內地字第0940063073號,941111府地四字第09426868700號,44593121
185,941046,中央研究院為取得院區研究工程,941020台內地字第0940062701號,941031府地四字第09426459900號,89446256
186,911058,臺北都會區大眾捷運系統新莊線東門站出入口工程,911022台內地字第0910069597號,911028府地四字第09125583600號,793696
187,941027,南港舊莊里配水池工程,941108台內地字第0940066724號,941114府地四字第09426826700號,204019
188,941036,臺北都會區大眾捷運系統信義線(安和路站)工程(地上權),940920台內地字第0940078269號,940928府地四字第09412704000號,553140
189,941042,臺北都會區大眾捷運系統松山線中山站聯合開發區(捷一)工程,941109台內地字第0940071002號,941114府地四字第09426821300號,14929200
190,941043,臺北都會區大眾捷運系統松山線中山站聯合開發區(捷二)工程,941108台內地字第0940070987號,941114府地四字第09426808000號,59062403
191,941044,貓空纜車興建工程(徵收地上權補辦),941020台內地字第0940078579號,941027府地四字第09423168900號,74592
192,941045,臺北都會區大眾捷運系統內湖線高架段(大直站至劍南站)工程,941020台內地字第0940070830號,941027府地四字第09423169000號,925277
193,941048,臺北都會區大眾捷運系統新莊線東門站連通金山南路地下道工程徵收地上權,941109台內地字第0940066736號,941114府地四字第09426821400號,1145654
194,942003,臺北都會區大眾捷運系統松山線中山站聯合開發區(捷一)工程建築改良物補償清冊,941109台內地字第0940071002號,941114府地四字第09426821300號,6907517
195,942004,臺北都會區大眾捷運系統松山線中山站聯合開發區(捷二)工程(建築改良物),941108台內地字第0940070987號,941114府地四字第09426808000號,15292713
196,943001,大湖山莊街底調洪沉砂池新建工程(農作改良物),940203台內地字第0940072250號,941031府地四字第09422548900號,58740
197,943006,臺北都會區大眾捷運系統松山線中山站聯合開發區(捷一)工程(農作改良物),941109台內地字第0940071002號,941114府地四字第09426821300號,360
198,943007,臺北都會區大眾捷運系統松山線中山站聯合開發區(捷二)工程(農作改良物),941108台內地字第0940070987號,941114府地四字第09426808000號,18336
199,944003,臺北都會區大眾捷運系統松山線中山站聯合開發區(捷二)工程(建築改良物徵收營業損失),941108台內地字第0940070987號,941114府地四字第09426808000號,132790
200,951003,北投秀山國小聯外道路開闢改善工程,950331台內地字第0950058068號,950410府地四字第09501211300號,27980040
201,951006,松山車站北側東段道路新築工程,951020台內地字第0950167013號,951030府地四字第09505459500號,2600569
202,951009,信義西大排水溝整治工程(信義路5段150巷至祥雲街),950510台內地字第0950081791號,950526府地四字第09531407500號,1024455
203,951010,文山(景美)19號公園新建工程,950605台內地字第0950095852號,950612府地四字第09502396700號,14231040
204,951011,松山虎林街5巷道路拓寬工程,950519台內地字第0950088190號,950526府地四字第09502302600號,5718583
205,951012,北投線空中纜車新建工程(補辦),941223台內地字第0940067235號,950103府地四字第09460434600號,6093
206,951022,臺北都會區大眾捷運系統木柵延伸(內湖)線港墘站墩柱工程,950524台內地字第0950088275號,950608府地四字第09502349800號,44843
207,951024,松山機場範圍內私有土地徵收案,950711台內地字第0950115426號,950719府地四字第09503094900號,5109098
208,951025,北投線空中纜車新建工程(一併),950809台內地字第0950131730號,950816府地四字第09503763400號,5729
209,951027,中山高速公路臺北市路段既成道路工程,950928台內地字第0950156479號,951003府地四字第09504781200號,29218
210,951034,內湖大湖山莊街底調洪沉砂池新建工程(補辦),951110台內地字第0950178975號,951115府地四字第09505696500號,6330186
211,953003,內湖大湖山莊街底調洪沉砂池新建工程(農作改良物),951110台內地字第0950178975號,951123府地四字第09533009600號,158400
212,951002,中崙市場拆除重建工程,951110台內地字第0950178595號,951113府地四字第09505696600號,3360000
213,951013,中正397號公園新建工程,951222台內地字第0950201418號,960103府地四字第09506642800號,326400
214,951029,國立國父紀念館用地工程,951020台內地字第0950163168號,951031府地四字第09505443700號,246494
215,951031,臺北都會區大眾捷運系統松山線市立體育場站(交六、交七)工程,951103台內地字第0950175848號,951113府地四字第09505617100號,510446681
216,951033,中央研究院為興建院區研究設施工程,951110台內地字第0950178963號,951115府地四字第09505696700號,57971544
217,952001,中央研究院為興建院區研究設施工程(建築改良物),951110台內地字第0950178963號,951115府地四字第09505696700號,3588852
218,953002,中央研究院為興建院區研究設施工程(農作改良物),951110台內地字第0950178963號,951115府地四字第09505696700號,109805
219,961001,青潭堰原水導水涵渠及5號隧道工程補辦徵收,960319台內地字第0960044330號,960327府地四字第09601373600號,17421514
220,961002,下竹林配水池暨加壓站工程,960319台內地字第0960044329號,960327府地四字第09601367000號,1220022
221,961003,青潭堰原水路3號4號隧道及涵渠前段工程補辦徵收,960319台內地字第0960044331號,960328府地四字第09601373500號,45071
222,961008,松山興安街174巷道路新築工程,960626台內地字第0960102361號,960703府地四字第09604200700號,7649700
223,961011,士林公有市場西側道路拓寬工程,960820台內地字第0960132298號,960828府地四字第09604858000號,30790014
224,961019,內湖大湖山莊街底調洪沉砂池新建工程(96年補辦),960502台內地字第0960070490號,960516府地四字第09631114600號,1042608
225,961020,臺北都會區大眾捷運系統松山線(南京東路站)出入口工程,960607台內地字第0960091130號,960615府地四字第09603407900號,37578
226,961021,臺北都會區大眾捷運系統松山線(南京東路站)工程(地上權),960606台內地字第0960091495號,960615府地四字第09603408500號,1922779
227,961024,臺北都會區大眾捷運系統新莊線(行天宮站)工程(地上權),960803台內地字第0960122588號,960813府地四字第09604678200號,37526373
228,961031,中央研究院興建院區研究設施工程,961008台內地字第0960155236號,961018府地四字第09606431200號,250583285
229,961036,文山區指南國小南側地滑地整治工程,961113台內地字第0960178561號,961114府地四字第09606855100號,1848777
230,963001,內湖大湖山莊街底調洪沉砂池新建工程(96年補辦)(農作改良物),960502台內地字第0960070490號,960516府地四字第09631114600號,18370
231,961022,內湖區內溝溪生態展示館前廣場及出入口通道工程,961108台內地字第0960174362號,961114府地四字第09606815700號,1621200
232,961028,大同迪化街二段189-1號至11號前道路拓寬工程,960919台內地字第0960149221號,960929府地四字第09606225600號,340949
233,961030,臺北都會區大眾捷運系統松山線(中山站)工程(地上權),960919台內地字第0960149079號,961001府地四字第09606225700號,538000
234,961031,中央研究院興建院區研究設施工程,961008台內地字第0960155236號,961018府地四字第09606431200號,73956
235,961033,既設汐止～蘆洲161仟伏輸電線路第19、19-1號等2座鐵塔用地工程,961008台內地字第0960152276號,961016府地四字第09606431100號,766080
236,961034,南港南深路道路拓寬工程,961030台內地字第0960168449號,961107府地四字第09606687100號,176640
237,971010,大安瑞安街208巷47弄道路拓寬工程,970609台內地字第0970095404號,970617府地四字第09703552300號,42038
238,971012,臺北都會區大眾捷運系統松山線(市立體育場站)工程穿越用地(地上權),970107台內地字第0960204496號,970114府地四字第09700076400號,17610701
239,971016,中正汀洲路二段133巷道路新築工程,970625台內地字第0970105444號,970703府地四字第09703766600號,1108495
240,971017,內湖成功路4段167巷末段道路拓寬工程 ,970915台內地字第0970150495號,970923府地四字第09705787200號,25027837
241,971019,大安復興南路一段295巷8號旁道路新築工程,970704台內地字第0970110867號,970715府地四字第09703911600號,99216
242,971020,臺北都會區大眾捷運系統松山線中山站(二)工程(地上權),970418台內地字第0970065795號,970424府地四字第09702388400號,19041000
243,971022,內湖康樂街道路改善工程,970826台內地字第0970139379號,970904府地四字第09705506700號,5884644
244,971023,信義吳興街220巷北側(原陸軍保養廠區)道路新築工程,970609台內地字第0970094292號,970617府地四字第09703551700號,344539
245,971026,生醫管理中心-衛生大樓工程,971008台內地字第0970162783號,971017府地四字第09706050200號,13638573
246,971029,三總汀州院區工程,971031台內地字第0970178341號,971112府地四字第09732508300號,19619483
247,971003,中正八德路1段82巷道路拓寬工程,971016台內地字第0970170057號,971027府地四字第09707165200號,184321
248,971025,臺北都會區大眾捷運系統松山線(松山站)工程穿越,970922台內地字第0970156298號,971002府地四字第09705862100號,402300
249,971028,「松山機場北側都市計畫劃定為機場用地取得計畫案」97年度用地取得工程,971031台內地字第0970178337號,971111府地四字第09707347800號,6609892
250,971031,學人宿舍第一期工程暨院區研究及其他相關設施工程,971209台內地字第0970202018號,971216府地四字第09707846600號,168000
251,981003,中正晉江街4巷道路新築工程,980623台內地字第0980119745號,980701府地四字第09803199700號,533486
252,981005,南港R13街廓東西向道路新築工程,980928台內地字第0980182274號,981007府地四字第09804377800號,2139415
253,981007,中正同安街28巷7弄道路拓寬工程,980623台內地字第0980119742號,980629府地四字第09803199800號,126900
254,981013,中山國防部示範樂隊東側後段道路(步道)新築工程,981102台內地字第0980204780號,981105府地四字第09804787500號,79843
255,981015,臺北都會區大眾捷運系統新莊線大橋國小站聯合開發區(捷二)工程,980819台內地字第0980156204號,980907府地四字第09832437700號,42529118
256,981016,既設汐止~蘆洲161仟伏輸電線路第13、22號等2座鐵塔工程,980819台內地字第0980155622號,980828府地四字第09803910200號,390126
257,981019,臺北市鐵觀音包種茶研發推廣中心土地取得,980930台內地字第0980182861號,981006府地四字第09804417800號,2384197
258,981021,臺北市鐵觀音包種茶研發推廣中心土地取得(補辦),981102台內地字第0980204753號,981105府地四字第09804787900號,5760
259,931060,配合台北市松山撫遠街機場東側道路新築工程暨改善飛安需求工程(一),931022台內地字第0930068171號,931029府地四字第09322472000號,34998720
260,981001,北投大屯路21巷道路拓寬工程,981102台內地字第0980204782號,981105府地四字第09804787400號,3288930
261,981010,社子大橋新建工程第1期,981102台內地字第0980204779號,981113府地四字第09804787700號,409549692
262,981018,臺北都會區大眾捷運系統松山線(南京東路站)工程(地上權),980916台內地字第0980175343號,980925府地四字第09804247000號,15571802
263,981020,國立臺北教育大學附設實驗國民小學生態教育體驗設施工程暨學校用地取得,981015台內地字第0980193815號,981102府地四字第09833025800號,7288952
264,981022,配合捷運內湖線港墘站辦理鄰旁內湖路1段667巷道路工程,981102台內地字第0980204781號,981110府地四字第09804787600號,1966892
265,981023,「松山機場北側都市計畫劃定為機場用地取得計畫案」98年度用地取得,981103台內地字第0980206319號,981111府地四字第09804813800號,130161755
266,991002,國立臺灣戲劇藝術中心興建工程,981125台內地字第0980220247號,990108府地用字第09930057100號,426054
267,991003,核一~汐止串接松湖345仟伏輸電線路第20號等2座鐵塔,981125台內地字第0980220227號,990108府地用字第09930063800號,1411200
268,991004, 臺北市區鐵路地下化南港專案工程(向陽路至南港車站段),990331台內地字第0990065370號,990331府地用字第09901083200號,1132795
269,991007,北投241號公園西側道路新築工程,990519台內地字第0990103008號,990527府地用字第09901695100號,1014409
270,991008, 大同民權西路225巷道路拓寬工程,990806台內地字第0990159287號,990813府地用字第09902685900號,5875309
271,991009,大同民權西路245巷29號至51號道路新築工程,990907台內地字第0990183551號,990916府地用字第09903075400號,2246992
272,991011,內湖124號公園擴建工程,990806台內地字第0990159696號,990812府地用字第09902685800號,2752932
273,991012,文山19號公園東南側道路新築工程,990629台內地字第0990133520號,990707府地用字第09902198400號,45067
274,991014,臺北市區鐵路地下化南港專案工程(中南街至研究院路段),990618台內地字第0990125877號,990624府地用字第09902063200號,108480
275,991015,大同重慶北路3段312巷西側第2期道路新築工程,990806台內地字第0990159293號,990813府地用字第09902685700號,4254120
276,991016,臺北市區鐵路地下化南港專案工程(基隆路至松山路段),990823台內地字第0990171003號,990901府地用字第09902888200號,34676200
277,991020,臺北市區鐵路地下化南港專案工程(松山路至東新街段),991028台內地字第0990217041號,991115府地用字第09933038700號,17608263
278,991021,臺北市區鐵路地下化南港專案工程(南港車站至中南街段),990923台內地字第0990193252號,991004府地用字第09903280600號,22198663
279,991025,興建核一-汐止串接松湖345仟伏輸電線路第32號連接站暨地下電纜管路,990629台內地字第0990133359號,990716府地用字第09932005400號,281916
280,991026,台灣電力股份有限公司為使興雅變電所基地完整,990721台內地字第0990149435號,990728府地用字第09902478400號,1502357
281,991027,既設汐止~蘆洲161仟伏輸電線路第14、15號鐵塔,990915台內地字第0990189410號,991011府地用字第09932674900號,1348800
282,991030,既設汐止-蘆洲161仟伏輸電線路第27、28號鐵塔需要,991105台內地字第0990220645號,991112府地用字第09903809300號,368640
283,991010,大同民權西路245巷1號至29號道路新築工程,990921台內地字第0990193248號,991012府地用字第09932751000號,2637078
284,991022,萬華廣州街223巷南側道路新築工程,991014台內地字第0990207431號,991025府地用字第09903545900號,7221045
285,1001001,文山(景美)42號綠地擴建工程,1000506台內地字第1000091801號,1000513府地用字第10001503100號,43733
286,1001003,萬華廣州街223巷北側道路新築工程,1001102台內地字第1000216867號,1001108府地用字第10003618900號,842800
287,1001006,大同迪化街2段146巷道路新築工程,1001111台內地字第1000223857號,1001115府地用字第10003734800號,8539989
288,1001011,南港2號(玉成)公園工程,1000705台內地字第1000136323號,1000713府地用字第10002202600號,2067360
289,1001015,文山區指南里高地供水配水池暨加壓站工程,1000617台內地字第1000122736號,1000627府地用字第10001979400號,677754
290,1001016,大同重慶北路3段312巷西側第2期道路新築工程(一併徵收),1000725台內地字第1000149748號,1000801府地用字第10002420700號,1021757
291,1001021,北投桃源段二小段251地號等16筆土地都市更新事業計畫案週邊道路新築工程,1001110台內地字第1000223743號,1001114府地用字第10003723500號,2910396
292,1001022,公有永吉市場用地完整性,1001111台內地字第1000224002號,1001115府地用字第10003731400號,4838400
293,1001023,交通部公路總局辦公大樓新建工程,1001111台內地字第1000223778號,1001115府地用字第10003731500號,3590400
294,1002001,台北都會區大眾捷運系統松山線市立體育場站A、D出入口(交六、交七)工程,1001110台內地字第1000223743號,1001114府地用字第10003723500號,25985165
295,1001012,信義信義路5段150巷400弄道路拓寬工程,1001111台內地字第1000223859號,1001115府地用字第10003734600號,813098
296,1001013,士林社中街250巷底西側道路新築工程,1001220台內地字第1000249000號,1001221府地用字第10004168900號,5834262
297,1001020,臺北市文山區永建國民小學遷建校舍新建工程,1001111台內地字第1000223822號,1001115府地用字第10003737000號,62027800
298,1001024,台灣電力股份有限公司為既設汐止-蘆洲161仟伏輸電線路第10號鐵塔,1001114台內地字第1000223311號,1001115府地用字第10003742500號,192162
299,1001025,行政院國軍退除役官兵輔導委員會臺北榮民總醫院新門診大樓興建工程,1001220台內地字第1000248998號,1001222府地用字第10004168800號,8665752
300,1003001,臺北市文山區永建國民小學遷建校舍新建工程(農作改良物),1001111台內地字第1000223822號,1001115府地用字第10003737000號,118798
301,1011001,大安古莊公園東側道路新築工程,1011106台內地字第1010355348號,1011113府地用字第10103638800號,60786000
302,1011004,交通部臺灣區國道新建工程局辦理國道5號(原北宜高速公路)臺北市路段工程(更正徵收),1001111台內地字第1000223822號,1001115府地用字第10003737000號,50421
303,1011009,內湖內湖路1段667巷中段道路拓寬工程,1011112台內地字第1010361148號,1011113府地用字第10103695100號,9933586
304,1011011,文山(木柵)89號公園新建工程,1011105台內地字第1010354203號,1011108府地用字第10103629200號,30453184
305,1011012,大同民權西路225巷北側道路拓寬工程,1011106台內地字第1010355335號,1011112府地用字第10103638400號,26284600
306,1011014,文山（景美）21號興泰公園擴建工程,1011105台內地字第1010354282號,1011108府地用字第10103628700號,8870500
307,1011002,松山民生東路3段140巷北段道路新築工程,1011112台內地字第1010361164號,1011113府地用字第10103694700號,3218666
308,1011003,大同延平北路1段66巷道路新築工程,1011112台內地字第1010361151號,1011114府地用字第10103695000號,6998743
309,1011006,南港昆陽街171巷1弄東段道路新築工程,1020107台內地字第1020068351號,1020110府地用字第10200090800號,10405397
310,1011007,中正善導寺西北側道路新築工程,1011112台內地字第1010361150號,1011113府地用字第10103694800號,13868042
311,1011013,萬華昆明街257巷5號旁道路新築工程,1011106台內地字第1010354439號,1011112府地用字第10103638600號,21076714
312,1011015,松山健康公園西側道路新築工程,1011112台內地字第1010361152號,1011113府地用字第10103694900號,2235000
313,1021001,內湖陽港3調洪沉砂池新建工程,1020514台內地字第1020200325號,1020514府地用字第10201478300號,1206666
314,1021004,中央研究院生態研究區(國家生技研究園區開發計畫)工程,1021007台內地字第1020323404號,1021016府地用字第10203072600號,206892469
315,1021005,南港大坑溪左、右抽水站用地工程,1021009台內地字第1020323414號,1021015府地用字第10203101600號,149295
316,1021006,青潭堰原水導水3號隧道進出口工程,1021101台內地字第1020341408號,1021106府地用字第10203355900號,4858231
317,1023001,中央研究院生態研究區(國家生技研究園區開發計畫)工程(農作改良物),1021007台內地字第1020323404號,1021016府地用字第10203072600號,237078
318,1031002,臺北市區鐵路地下化南港專案工程(南港車站至中南街段)(一併徵收),1030820台內地字第1031300134號,1030829府地用字第10332658700號,112572
319,1031003,大安古莊公園東側道路新築工程(一併徵收),1031112台內地字第1031302809號,1031113府地用字第10302847700號,2884000
320,1041001,萬華車站前廣場用地地下停車場工程,1040506台內地字第1041303896號,1040511府地用字第10400771600號,13081981
321,1041004,變更臺北市中山區吉林段四小段705地號等47筆土地都市更新事業計畫案周邊道路新築工程,1041113台內地字第1040442133號,1041116府地用字第10401677900號,10253584
322,1051002,萬華西園路1段92號旁道路新築工程,1051110台內地字第1051309634號,1051114府地用字第10501352200號,1081724
323,1051003,大安延平高中東側及南側道路新築工程,1051116台內地字第1051309596號,1051116府地用字第10501373600號,2316000
324,1051004,北投自來水處大度配水池暨加壓站旁貴子坑溪左岸道路新築工程,1051116台內地字第1051309598號,1051116府地用字第10501373800號,4116510
325,1051005,信義福德街137巷道路新築工程,1051116台內地字第1050081943號,1051116府地用字第10501374200號,2110981
326,1051006,北投洲美堤防外灘地整建工程,1051116台內地字第1051309599號,1051116府地用字第10501373900號,219086925
327,1051007,臺北都會區大眾捷運系統萬大-中和-樹林線(第一期工程)LG01站站體工程徵收地上權,1051116台內地字第1051309600號,1051116府地用字第10501374000號,914798
328,1051009,大安和平東路3段(原臥龍街)路型改善調整工程,1051116台內地字第1051309597號,1051116府地用字第10501373700號,53893
329,1051010,臺北都會區大眾捷運系統信義線東延段R03車站站體穿越工程(地上權),1051116台內地字第1051309603號,1051116府地用字第10501374100號,2097061
330,1061004,大同388號公園新建工程,1061109台內地字第1061307349號,1061114府地用字第10603390700號,87370024
331,1061005,文山福興公園南側道路新築工程,1061027台內地字第1061307098號,1061106府地用字第10603373000號,286197
332,1061006,北投行義路17巷北側路口新築工程,1061027台內地字第1061307085號,1061106府地用字第10603374700號,2160030
333,1061007,臺北都會區大眾捷運系統萬大--中和--樹林線(第一期工程)LG01站(交一、交三)工程,1060522台內地字第1061304280號,1060606府地用字第10631364600號,16198386
334,1061010,台灣電力股份有限公司興建深美~七張161仟伏輸電線路第26號鐵塔連接站地下管路工程,1060502台內地字第1061303951號,1060515府地用字第10631291700號,81600
335,1062001,大同388號公園新建工程(建築改良物),1061109台內地字第1061307349號,1061114府地用字第10603390700號,3932490
336,1063001,台灣電力股份有限公司興建深美~七張161仟伏輸電線路第26號鐵塔連接站地下管路工程(農作改良物),1060502台內地字第1061303951號,1060515府地用字第10631291700號,4902
337,1063002,臺北都會區大眾捷運系統萬大--中和--樹林線(第一期工程)LG01站(交一、交三)工程(農作改良物),1060522台內地字第1061304280號,1060606府地用字第10631364600號,1871
338,1061001,內湖民權東路6段210巷南段道路新築工程,1061109台內地字第1061307232號,1061114府地用字第10603390600號,10711622
339,1061013,交通部民用航空局為辦理松山機場10跑道端北側跑道地帶、安全區及燈光用地取得,1061109台內地字第1061307317號,1061115府地用字第10603390500號,97286614
340,1071010,變更本市信義區福德段四小段135地號等保護區為宗教特定專用區(松山慈惠堂)主要計畫道路開闢案,1071227台內地字第1071307749號,1071227府地用字第10720260861號,23200
341,1082001,交通部民用航空局為辦理松山機場10跑道端北側跑道地帶、安全區及燈光用地取得(建築改良物),1080325台內地字第10802617411號,1080509府地用字第10860087271號,2988636
342,1083001,交通部民用航空局為辦理松山機場10跑道端北側跑道地帶、安全區及燈光用地取得(農作改良物),1080325台內地字第10802617411號,1080509府地用字第10860087271號,145552
343,1084001,交通部民用航空局為辦理松山機場10跑道端北側跑道地帶、安全區及燈光用地取得(營業損失),1080325台內地字第10802617411號,1080509府地用字第10860087271號,525462
344,1081005,興德路66巷道路拓寬工程,1081025台內地字第1080265896號,1081104府地用字第10800935491號,811222
345,1081020,交通部高速公路局辦理國道3號(原北部區域第二高速公路)汐止木柵段(木柵1號隧道23k+50-23k+250)工程(地上權),1081111台內地字第1080266196號,1081114府地用字第10800937101號,3941406
346,1081004,斯文里二期整宅公辦都更基地東側8公尺計畫道路新築工程,1081101台內地字第1080265829號,1081111府地用字第10800936251號,276321
347,1081016,環河北路2段185巷道路拓寬工程,1081224台內地字第1080152127號,1081226府地用字第10800942011號,1621485
348,1081017,信安街15巷東側(六張犁營區B街廓北側及東側)道路新築工程,1091021台內地字第1090265681號,1091029府地用字第10900934271號,13992181
349,1091010,臺北都會區大眾捷運系統萬大-中和-樹林線(第一期工程)LG01站捷運開發區四工程,1091110台內地字第1090266154號,1091112府地用字第10960278511號,174790980
350,1092001,臺北都會區大眾捷運系統萬大-中和-樹林線(第一期工程)LG01站捷運開發區四工程(建築改良物),1091110台內地字第1090266154號,1091112府地用字第10960278511號,5797455
351,1091006,臺北市第二殯儀館聯外道路新築工程,1091109台內地字第1090142218號,1091116府地用字第10960278211號,5440801
352,1101014,臺北都會區大眾捷運系統環狀線第二階段 Y3站捷運開發區工程,1101110台內地字第1100266461號,1101115府地用字第11000044411號,811887
353,1102001,臺北都會區大眾捷運系統環狀線第二階段 Y3站捷運開發區工程(建築改良物),1101110台內地字第1100266461號,1101115府地用字第11000044411號,117047
354,1111009,國家生技研究園區聯外道路工程,1110328台內地字第1110261814號,1110407府地用字第11100925131號,17293983
355,1111010,國家生技研究園區聯外道路工程(地上權補償費),1110328台內地字第1110261815號,1110407府地用字第11100925091號,8871699
356,1113001,國家生技研究園區聯外道路工程(農作改良物補償費),1110328台內地字第1110261814號,1110407府地用字第11100925131號,20300
357,1101006,南昌路1段31巷道路興建工程,1110429台內地字第1110262704號,1110509府地用字第11100935421號,7311671
358,1111011,南昌路1段9巷道路新築工程,1110621台內地字第1110263767號,1110712府地用字第11160168781號,15303697
359,1101014,臺北都會區大眾捷運系統環狀線第二階段 Y3站捷運開發區工程(差額地價補償費),1101110台內地字第1100266461號,1101115府地用字第11000044411號,125139
360,1111014,和興路中段道路拓寬工程,1110929台內地字第1110047942號,1111007府地用字第11100978781號,57238828
361,1111013,林森北路399巷道路新築工程,1110826台內地字第1110265519號,1110905府地用字第11100978781號,1370638
362,112A02A0008,天母西路22巷6弄西側道路興建工程,1120606台內地字第1120120152號,1120713府地用字第11260170321號,1672386
363,112A10A0013,景興公園（文景49號）新建工程,1120703台內地字第1120264246號,1120720府地用字第11260177331號,4290905
364,112A02A0020,國道1號（原台灣區南北高速公路）第一期工程（臺北市中山區路段）,1120707台內地字第1120264769號,1120725府地用字第11260180461號,7131750
365,111A02A0014,延平北路5段257巷4弄道路新築工程,1120531台內地字第1120263712號,1120726府地用字第11260186931號,47656898
366,111C00A0006,廣州變電所新建工程（更正徵收）,1111109院授內地字第1110266902號,1120904府地用字第11260216201號,2940000
367,112A02A0033,成福路121巷43弄至47弄道路興建工程,1121006台內地字第1120266551號,1121018府地用字第11200075691號,5172190
368,111A03A0081,濱江水資源再生中心新建工程,1121027台內地字第1120050633號,1121106府地用字第11260271631號,619176239
369,112A09A0111,345千伏核一～汐止串接松湖輸電線路第29A號連接站鐵塔及地下電纜管路用地,1121113台內地字第1120267430號,1121115府地用字第11200919231號,1244012
370,112A04A0062,米粉坑溪周邊排水改善工程（大湖山莊街調洪沉砂池B池）,1121027台內地字第1120050633號,1130527府地用字第11360121641號,568988
371,111A03A0081,濱江水資源再生中心新建工程(建築改良物、人口遷移費、營業損失),1121027台內地字第1120050633號,1130527府地用字第11360121641號,30757123
372,111A03A0081,濱江水資源再生中心新建工程(差額地價補償費),1121027台內地字第1120050633號,1121106府地用字第11260271631號,48099709
373,114A02A0012,西園路2段39巷周邊道路興建工程,1140630台內地字第1140263843號,1140725府地用字第11460172991號,718219
374,114A02A0077,臺北都會區大眾捷運系統環狀線東環段工程Y39站捷運系統用地,1141021台內地字第1140266343號,1141030府地用字第11400077941號,5003008
