住宅價格月指數類別,期別,月指數,季移動平均數,半年移動平均數,月指數變動率,季移動平均數變動率,半年移動平均數變動率,標準住宅總價（新台幣萬元）,標準住宅單價（新台幣萬元每坪）
全市,101/08,91.69,-,-,0%,-,-,1452,46.26
全市,101/09,91.27,-,-,-0.45%,-,-,1446,46.05
全市,101/10,91.43,91.46,-,0.17%,-,-,1448,46.13
全市,101/11,91.27,91.32,-,-0.17%,-0.15%,-,1446,46.04
全市,101/12,93.91,92.20,-,2.9%,0.96%,-,1488,47.38
全市,102/01,94.08,93.08,92.27,0.18%,0.96%,-,1490,47.46
全市,102/02,94.01,94.00,92.66,-0.07%,0.98%,0.42%,1489,47.43
全市,102/03,96.64,94.91,93.55,2.8%,0.97%,0.96%,1531,48.75
全市,102/04,98.25,96.30,94.69,1.67%,1.47%,1.22%,1556,49.57
全市,102/05,100.17,98.35,96.17,1.96%,2.13%,1.57%,1587,50.54
全市,102/06,100.33,99.59,97.25,0.16%,1.25%,1.11%,1589,50.62
全市,102/07,101.14,100.55,98.42,0.8%,0.97%,1.21%,1602,51.02
全市,102/08,103.19,101.55,99.95,2.03%,1.00%,1.56%,1635,52.06
全市,102/09,102.92,102.42,101.00,-0.26%,0.85%,1.05%,1630,51.93
全市,102/10,102.91,103.01,101.78,-0.01%,0.58%,0.77%,1630,51.92
全市,102/11,104.48,103.44,102.49,1.53%,0.42%,0.70%,1655,52.71
全市,102/12,105.16,104.18,103.30,0.65%,0.72%,0.78%,1666,53.05
全市,103/01,107.21,105.61,104.31,1.95%,1.38%,0.98%,1698,54.09
全市,103/02,107.07,106.48,104.96,-0.13%,0.82%,0.62%,1696,54.02
全市,103/03,107.26,107.18,105.68,0.18%,0.66%,0.69%,1699,54.11
全市,103/04,106.40,106.91,106.26,-0.8%,-0.25%,0.55%,1686,53.68
全市,103/05,108.60,107.42,106.95,2.07%,0.48%,0.65%,1720,54.79
全市,103/06,109.51,108.17,107.67,0.84%,0.70%,0.68%,1735,55.25
全市,103/07,109.16,109.09,108.00,-0.32%,0.85%,0.30%,1729,55.07
全市,103/08,108.19,108.95,108.19,-0.89%,-0.13%,0.17%,1714,54.58
全市,103/09,107.62,108.32,108.25,-0.53%,-0.58%,0.05%,1705,54.29
全市,103/10,107.20,107.67,108.38,-0.38%,-0.60%,0.12%,1698,54.08
全市,103/11,107.43,107.42,108.18,0.21%,-0.23%,-0.18%,1702,54.20
全市,103/12,106.79,107.14,107.73,-0.6%,-0.26%,-0.42%,1692,53.88
全市,104/01,106.66,106.96,107.31,-0.12%,-0.17%,-0.39%,1690,53.81
全市,104/02,106.36,106.60,107.01,-0.28%,-0.33%,-0.28%,1685,53.66
全市,104/03,104.94,105.99,106.57,-1.33%,-0.58%,-0.42%,1662,52.95
全市,104/04,105.82,105.71,106.34,0.84%,-0.26%,-0.22%,1676,53.39
全市,104/05,106.98,105.92,106.26,1.1%,0.20%,-0.07%,1695,53.97
全市,104/06,106.85,106.55,106.27,-0.12%,0.60%,0.01%,1693,53.91
全市,104/07,106.20,106.68,106.19,-0.61%,0.12%,-0.07%,1682,53.58
全市,104/08,106.67,106.57,106.25,0.44%,-0.10%,0.05%,1690,53.81
全市,104/09,104.85,105.91,106.23,-1.7%,-0.63%,-0.01%,1661,52.90
全市,104/10,102.80,104.77,105.73,-1.96%,-1.07%,-0.47%,1629,51.86
全市,104/11,101.41,103.02,104.80,-1.35%,-1.67%,-0.88%,1607,51.16
全市,104/12,101.67,101.96,103.93,0.25%,-1.03%,-0.82%,1611,51.29
全市,105/01,100.54,101.20,102.99,-1.11%,-0.74%,-0.91%,1593,50.72
全市,105/02,100.40,100.87,101.94,-0.14%,-0.33%,-1.01%,1590,50.65
全市,105/03,100.69,100.54,101.25,0.29%,-0.32%,-0.68%,1595,50.80
全市,105/04,100.60,100.56,100.88,-0.09%,0.02%,-0.36%,1594,50.75
全市,105/05,100.17,100.49,100.68,-0.43%,-0.08%,-0.21%,1587,50.54
全市,105/06,100.91,100.56,100.55,0.74%,0.07%,-0.13%,1599,50.91
全市,105/07,100.39,100.49,100.53,-0.51%,-0.07%,-0.02%,1590,50.65
全市,105/08,101.06,100.79,100.64,0.66%,0.30%,0.11%,1601,50.98
全市,105/09,100.26,100.57,100.57,-0.78%,-0.21%,-0.07%,1588,50.58
全市,105/10,100.80,100.71,100.60,0.53%,0.13%,0.03%,1597,50.85
全市,105/11,100.25,100.44,100.61,-0.55%,-0.27%,0.01%,1588,50.58
全市,105/12,99.14,100.06,100.32,-1.11%,-0.37%,-0.29%,1570,50.02
全市,106/01,98.27,99.22,99.96,-0.88%,-0.84%,-0.35%,1557,49.58
全市,106/02,98.84,98.75,99.59,0.58%,-0.47%,-0.37%,1566,49.87
全市,106/03,98.39,98.50,99.28,-0.46%,-0.25%,-0.31%,1559,49.64
全市,106/04,97.97,98.40,98.81,-0.42%,-0.10%,-0.47%,1552,49.43
全市,106/05,99.20,98.52,98.64,1.25%,0.12%,-0.18%,1571,50.05
全市,106/06,99.71,98.96,98.73,0.52%,0.45%,0.10%,1580,50.31
全市,106/07,99.99,99.64,99.02,0.28%,0.68%,0.29%,1584,50.45
全市,106/08,97.46,99.05,98.79,-2.54%,-0.58%,-0.23%,1544,49.17
全市,106/09,99.87,99.11,99.03,2.47%,0.05%,0.25%,1582,50.38
全市,106/10,97.94,98.42,99.03,-1.92%,-0.69%,-0.01%,1552,49.41
全市,106/11,99.94,99.25,99.15,2.03%,0.84%,0.12%,1583,50.42
全市,106/12,98.82,98.90,99.00,-1.12%,-0.35%,-0.15%,1565,49.86
全市,107/01,99.83,99.53,98.98,1.03%,0.64%,-0.03%,1582,50.37
全市,107/02,98.86,99.17,99.21,-0.98%,-0.36%,0.24%,1566,49.87
全市,107/03,98.31,99.00,98.95,-0.55%,-0.17%,-0.26%,1557,49.60
全市,107/04,98.92,98.70,99.11,0.62%,-0.31%,0.17%,1567,49.91
全市,107/05,100.40,99.21,99.19,1.49%,0.52%,0.08%,1590,50.65
全市,107/06,100.33,99.88,99.44,-0.07%,0.68%,0.25%,1589,50.62
全市,107/07,100.88,100.54,99.62,0.55%,0.65%,0.18%,1598,50.90
全市,107/08,100.75,100.65,99.93,-0.13%,0.12%,0.32%,1596,50.83
全市,107/09,100.12,100.58,100.23,-0.62%,-0.07%,0.30%,1586,50.51
全市,107/10,100.63,100.50,100.52,0.5%,-0.08%,0.28%,1594,50.77
全市,107/11,101.01,100.59,100.62,0.38%,0.09%,0.10%,1600,50.96
全市,107/12,99.96,100.53,100.56,-1.04%,-0.05%,-0.06%,1584,50.43
全市,108/01,100.07,100.35,100.42,0.11%,-0.18%,-0.13%,1585,50.49
全市,108/02,100.97,100.33,100.46,0.9%,-0.01%,0.04%,1600,50.94
全市,108/03,102.59,101.21,100.87,1.6%,0.87%,0.41%,1625,51.76
全市,108/04,103.30,102.29,101.32,0.69%,1.06%,0.44%,1636,52.12
全市,108/05,103.06,102.98,101.66,-0.23%,0.68%,0.34%,1633,52.00
全市,108/06,102.70,103.02,102.12,-0.35%,0.04%,0.45%,1627,51.82
全市,108/07,101.39,102.38,102.34,-1.28%,-0.62%,0.21%,1606,51.15
全市,108/08,101.76,101.95,102.47,0.36%,-0.42%,0.13%,1612,51.34
全市,108/09,102.14,101.76,102.39,0.37%,-0.18%,-0.07%,1618,51.53
全市,108/10,103.16,102.35,102.37,1%,0.58%,-0.02%,1634,52.04
全市,108/11,103.37,102.89,102.42,0.2%,0.52%,0.05%,1637,52.15
全市,108/12,104.14,103.56,102.66,0.74%,0.65%,0.23%,1650,52.54
全市,109/01,104.47,103.99,103.17,0.32%,0.42%,0.50%,1655,52.71
全市,109/02,103.65,104.09,103.49,-0.78%,0.09%,0.31%,1642,52.29
全市,109/03,103.88,104.00,103.78,0.22%,-0.08%,0.28%,1646,52.41
全市,109/04,103.28,103.60,103.80,-0.58%,-0.38%,0.02%,1636,52.11
全市,109/05,103.95,103.70,103.90,0.65%,0.10%,0.09%,1647,52.45
全市,109/06,104.03,103.75,103.88,0.08%,0.05%,-0.02%,1648,52.49
全市,109/07,104.26,104.08,103.84,0.22%,0.31%,-0.03%,1652,52.60
全市,109/08,104.89,104.39,104.05,0.6%,0.30%,0.20%,1662,52.92
全市,109/09,105.46,104.87,104.31,0.54%,0.46%,0.25%,1671,53.21
全市,109/10,105.98,105.44,104.76,0.49%,0.55%,0.43%,1679,53.47
全市,109/11,105.86,105.77,105.08,-0.11%,0.31%,0.30%,1677,53.41
全市,109/12,105.90,105.91,105.39,0.04%,0.14%,0.30%,1678,53.43
全市,110/01,106.31,106.02,105.73,0.39%,0.10%,0.32%,1684,53.64
全市,110/02,107.03,106.41,106.09,0.68%,0.37%,0.34%,1695,54.00
全市,110/03,107.47,106.94,106.43,0.41%,0.49%,0.32%,1703,54.22
全市,110/04,107.20,107.23,106.63,-0.25%,0.28%,0.19%,1698,54.08
全市,110/05,107.67,107.45,106.93,0.44%,0.20%,0.28%,1706,54.32
全市,110/06,107.05,107.31,107.12,-0.58%,-0.13%,0.18%,1696,54.01
全市,110/07,107.42,107.38,107.31,0.35%,0.07%,0.17%,1702,54.20
全市,110/08,107.95,107.47,107.46,0.49%,0.09%,0.14%,1710,54.46
全市,110/09,109.12,108.16,107.74,1.08%,0.64%,0.26%,1729,55.05
全市,110/10,110.42,109.16,108.27,1.19%,0.92%,0.50%,1749,55.71
全市,110/11,111.01,110.18,108.83,0.53%,0.93%,0.51%,1759,56.00
全市,110/12,112.02,111.15,109.66,0.91%,0.88%,0.76%,1775,56.52
全市,111/01,112.73,111.92,110.54,0.63%,0.69%,0.81%,1786,56.87
全市,111/02,113.43,112.73,111.46,0.62%,0.72%,0.83%,1797,57.23
全市,111/03,113.75,113.30,112.23,0.28%,0.51%,0.69%,1802,57.39
全市,111/04,114.11,113.76,112.84,0.32%,0.41%,0.55%,1808,57.57
全市,111/05,113.86,113.91,113.32,-0.22%,0.13%,0.42%,1804,57.44
全市,111/06,114.36,114.11,113.71,0.44%,0.18%,0.34%,1812,57.69
全市,111/07,115.08,114.43,114.10,0.63%,0.28%,0.34%,1823,58.06
全市,111/08,115.46,114.97,114.44,0.33%,0.47%,0.30%,1829,58.25
全市,111/09,115.64,115.39,114.75,0.16%,0.37%,0.28%,1832,58.34
全市,111/10,115.83,115.64,115.04,0.16%,0.59%,0.53%,1835,58.44
全市,111/11,116.04,115.84,115.40,0.18%,0.17%,0.32%,1838,58.54
全市,111/12,115.68,115.85,115.62,-0.31%,0.01%,0.19%,1833,58.36
全市,112/01,115.47,115.73,115.69,-0.18%,-0.10%,0.06%,1829,58.25
全市,112/02,115.21,115.45,115.65,-0.23%,-0.24%,-0.04%,1825,58.12
全市,112/03,114.93,115.20,115.53,-0.24%,-0.22%,-0.10%,1821,57.98
全市,112/04,115.05,115.06,115.40,0.1%,-0.12%,-0.11%,1823,58.05
全市,112/05,115.36,115.11,115.28,0.27%,0.04%,-0.10%,1828,58.20
全市,112/06,115.39,115.27,115.24,0.03%,0.13%,-0.04%,1828,58.22
全市,112/07,115.81,115.52,115.29,0.36%,0.22%,0.05%,1835,58.43
全市,112/08,116.85,116.02,115.57,0.9%,0.43%,0.24%,1851,58.95
全市,112/09,117.53,116.73,116.00,0.58%,0.61%,0.37%,1862,59.29
全市,112/10,118.19,117.52,116.52,0.56%,0.68%,0.45%,1872,59.63
全市,112/11,119.09,118.27,117.14,0.76%,0.64%,0.53%,1887,60.08
全市,112/12,119.72,119.00,117.87,0.53%,0.62%,0.62%,1896,60.40
全市,113/01,120.53,119.78,118.65,0.68%,0.66%,0.67%,1909,60.81
全市,113/02,122.25,120.83,119.55,1.43%,0.88%,0.76%,1937,61.68
全市,113/03,124.56,122.45,120.72,1.89%,1.34%,0.98%,1973,62.84
全市,113/04,126.60,124.47,122.13,1.64%,1.65%,1.17%,2006,63.87
全市,113/05,127.79,126.32,123.58,0.94%,1.49%,1.19%,2024,64.47
全市,113/06,128.28,127.56,125.00,0.38%,0.98%,1.15%,2032,64.72
全市,113/07,129.23,128.43,126.45,0.74%,0.69%,1.16%,2047,65.20
全市,113/08,130.16,129.22,127.77,0.72%,0.62%,1.04%,2062,65.67
全市,113/09,130.53,129.97,128.77,0.28%,0.58%,0.78%,2068,65.85
全市,113/10,130.72,130.47,129.45,0.15%,0.38%,0.53%,2071,65.95
全市,113/11,130.75,130.67,129.95,0.02%,0.15%,0.39%,2071,65.95
全市,113/12,130.65,130.71,130.34,-0.08%,0.03%,0.30%,2070,65.92
全市,114/01,130.21,130.54,130.50,-0.34%,-0.13%,0.12%,2063,65.70
全市,114/02,130.34,130.40,130.53,0.1%,-0.11%,0.02%,2065,65.76
全市,114/03,128.39,129.65,130.18,-1.5%,-0.58%,-0.27%,2034,64.78
全市,114/04,128.62,129.12,129.83,0.18%,-0.41%,-0.27%,2038,64.90
全市,114/05,128.06,128.36,129.38,-0.44%,-0.59%,-0.35%,2029,64.62
全市,114/06,127.57,128.08,128.87,-0.38%,-0.22%,-0.39%,2021,64.36
全市,114/07,127.04,127.56,128.34,-0.42%,-0.41%,-0.41%,2013,64.11
全市,114/08,126.43,127.01,127.69,-0.48%,-0.43%,-0.51%,2003,63.79
全市,114/09,127.25,126.91,127.50,0.65%,-0.08%,-0.15%,2016,64.20
全市,114/10,127.69,127.12,127.34,0.35%,0.17%,-0.13%,2023,64.43
全市,114/11,127.11,127.35,127.18,-0.45%,0.18%,-0.13%,2014,64.14
全市,114/12,125.85,126.88,126.90,-0.99%,-0.37%,-0.22%,1994,63.50
全市,115/01,125.97,126.31,126.72,0.1%,-0.45%,-0.14%,1996,63.57
全市,115/02,126.81,126.21,126.78,0.67%,-0.08%,0.05%,2009,63.98
全市公寓,101/08,98.93,-,-,0%,-,-,1281,42.68
全市公寓,101/09,98.93,-,-,0.01%,-,-,1281,42.69
全市公寓,101/10,98.47,98.78,-,-0.47%,-,-,1275,42.49
全市公寓,101/11,98.01,98.47,-,-0.47%,-0.31%,-,1269,42.29
全市公寓,101/12,99.13,98.54,-,1.14%,0.07%,-,1283,42.77
全市公寓,102/01,97.39,98.18,98.48,-1.75%,-0.37%,-,1261,42.02
全市公寓,102/02,96.50,97.67,98.07,-0.91%,-0.51%,-0.41%,1249,41.64
全市公寓,102/03,101.90,98.60,98.57,5.59%,0.95%,0.50%,1319,43.97
全市公寓,102/04,105.20,101.20,99.69,3.24%,2.64%,1.14%,1362,45.39
全市公寓,102/05,104.59,103.90,100.79,-0.58%,2.66%,1.10%,1354,45.13
全市公寓,102/06,104.64,104.81,101.70,0.05%,0.88%,0.91%,1354,45.15
全市公寓,102/07,107.24,105.49,103.34,2.48%,0.65%,1.61%,1388,46.27
全市公寓,102/08,108.02,106.63,105.26,0.73%,1.08%,1.86%,1398,46.61
全市公寓,102/09,108.70,107.99,106.40,0.62%,1.27%,1.08%,1407,46.90
全市公寓,102/10,109.88,108.87,107.18,1.08%,0.81%,0.73%,1422,47.41
全市公寓,102/11,109.05,109.21,107.92,-0.75%,0.31%,0.69%,1412,47.05
全市公寓,102/12,108.56,109.16,108.57,-0.44%,-0.04%,0.61%,1405,46.84
全市公寓,103/01,111.93,109.85,109.36,3.1%,0.63%,0.72%,1449,48.29
全市公寓,103/02,111.39,110.63,109.92,-0.47%,0.71%,0.51%,1442,48.06
全市公寓,103/03,111.19,111.50,110.33,-0.19%,0.79%,0.38%,1439,47.97
全市公寓,103/04,112.43,111.67,110.76,1.11%,0.15%,0.39%,1455,48.51
全市公寓,103/05,114.64,112.75,111.69,1.97%,0.97%,0.84%,1484,49.46
全市公寓,103/06,109.76,112.27,111.89,-4.26%,-0.42%,0.18%,1421,47.36
全市公寓,103/07,109.65,111.35,111.51,-0.1%,-0.83%,-0.34%,1419,47.31
全市公寓,103/08,108.51,109.31,111.03,-1.03%,-1.83%,-0.43%,1405,46.82
全市公寓,103/09,108.52,108.89,110.58,0%,-0.38%,-0.40%,1405,46.82
全市公寓,103/10,109.53,108.85,110.10,0.94%,-0.03%,-0.44%,1418,47.26
全市公寓,103/11,109.42,109.16,109.23,-0.1%,0.28%,-0.79%,1416,47.21
全市公寓,103/12,109.54,109.50,109.19,0.11%,0.31%,-0.03%,1418,47.26
全市公寓,104/01,109.55,109.50,109.18,0.01%,0.01%,-0.01%,1418,47.27
全市公寓,104/02,111.39,110.16,109.66,1.68%,0.60%,0.44%,1442,48.06
全市公寓,104/03,108.54,109.83,109.66,-2.55%,-0.30%,-,1405,46.83
全市公寓,104/04,107.01,108.98,109.24,-1.41%,-0.77%,-0.38%,1385,46.17
全市公寓,104/05,110.07,108.54,109.35,2.85%,-0.41%,0.10%,1425,47.49
全市公寓,104/06,111.24,109.44,109.64,1.07%,0.83%,0.26%,1440,48.00
全市公寓,104/07,110.22,110.51,109.75,-0.91%,0.98%,0.10%,1427,47.56
全市公寓,104/08,112.63,111.37,109.95,2.18%,0.77%,0.19%,1458,48.60
全市公寓,104/09,110.14,111.00,110.22,-2.21%,-0.33%,0.24%,1426,47.52
全市公寓,104/10,107.79,110.19,110.35,-2.13%,-0.73%,0.12%,1395,46.51
全市公寓,104/11,108.83,108.92,110.14,0.96%,-1.15%,-0.19%,1409,46.96
全市公寓,104/12,109.65,108.76,109.88,0.75%,-0.15%,-0.24%,1419,47.31
全市公寓,105/01,107.58,108.69,109.44,-1.89%,-0.07%,-0.40%,1393,46.42
全市公寓,105/02,108.30,108.51,108.72,0.68%,-0.16%,-0.66%,1402,46.73
全市公寓,105/03,106.74,107.54,108.15,-1.45%,-0.89%,-0.52%,1382,46.05
全市公寓,105/04,105.66,106.90,107.79,-1.01%,-0.59%,-0.33%,1368,45.59
全市公寓,105/05,105.68,106.03,107.27,0.02%,-0.82%,-0.49%,1368,45.60
全市公寓,105/06,105.88,105.74,106.64,0.19%,-0.27%,-0.58%,1371,45.69
全市公寓,105/07,102.22,104.60,105.75,-3.46%,-1.08%,-0.84%,1323,44.11
全市公寓,105/08,100.13,102.74,104.39,-2.05%,-1.77%,-1.29%,1296,43.20
全市公寓,105/09,102.18,101.51,103.63,2.05%,-1.20%,-0.73%,1323,44.09
全市公寓,105/10,101.90,101.40,103.00,-0.27%,-0.11%,-0.61%,1319,43.97
全市公寓,105/11,98.89,100.99,101.87,-2.96%,-0.41%,-1.10%,1280,42.67
全市公寓,105/12,97.13,99.31,100.41,-1.77%,-1.67%,-1.43%,1257,41.91
全市公寓,106/01,97.84,97.95,99.68,0.73%,-1.36%,-0.73%,1266,42.21
全市公寓,106/02,101.17,98.71,99.85,3.41%,0.78%,0.17%,1310,43.65
全市公寓,106/03,100.31,99.77,99.54,-0.85%,1.07%,-0.31%,1298,43.28
全市公寓,106/04,100.57,100.68,99.32,0.25%,0.91%,-0.22%,1302,43.39
全市公寓,106/05,103.21,101.36,100.04,2.63%,0.68%,0.73%,1336,44.53
全市公寓,106/06,104.57,102.78,101.28,1.31%,1.40%,1.24%,1354,45.12
全市公寓,106/07,106.28,104.69,102.68,1.63%,1.85%,1.39%,1376,45.86
全市公寓,106/08,102.09,104.31,102.84,-3.94%,-0.36%,0.15%,1321,44.05
全市公寓,106/09,105.99,104.79,103.78,3.82%,0.45%,0.92%,1372,45.73
全市公寓,106/10,102.56,103.55,104.12,-3.23%,-1.18%,0.32%,1328,44.25
全市公寓,106/11,105.97,104.84,104.58,3.32%,1.25%,0.44%,1372,45.72
全市公寓,106/12,103.18,103.90,104.34,-2.63%,-0.89%,-0.22%,1336,44.52
全市公寓,107/01,99.32,102.82,103.18,-3.75%,-1.04%,-1.11%,1286,42.85
全市公寓,107/02,97.50,100.00,102.42,-1.83%,-2.74%,-0.74%,1262,42.07
全市公寓,107/03,99.46,98.76,101.33,2.01%,-1.24%,-1.06%,1287,42.92
全市公寓,107/04,101.66,99.54,101.18,2.21%,0.79%,-0.15%,1316,43.86
全市公寓,107/05,100.38,100.50,100.25,-1.26%,0.96%,-0.92%,1299,43.31
全市公寓,107/06,99.23,100.43,99.59,-1.14%,-0.08%,-0.66%,1284,42.82
全市公寓,107/07,97.97,99.20,99.37,-1.27%,-1.22%,-0.23%,1268,42.27
全市公寓,107/08,99.69,98.96,99.73,1.75%,-0.23%,0.37%,1290,43.01
全市公寓,107/09,99.63,99.09,99.76,-0.06%,0.13%,0.03%,1290,42.99
全市公寓,107/10,100.17,99.83,99.51,0.54%,0.74%,-0.25%,1297,43.22
全市公寓,107/11,103.73,101.18,100.07,3.56%,1.35%,0.56%,1343,44.76
全市公寓,107/12,101.25,101.72,100.41,-2.39%,0.54%,0.34%,1311,43.69
全市公寓,108/01,100.24,101.74,100.78,-1%,0.02%,0.38%,1298,43.25
全市公寓,108/02,102.10,101.20,101.19,1.86%,-0.53%,0.40%,1322,44.05
全市公寓,108/03,103.64,101.99,101.86,1.5%,0.78%,0.66%,1341,44.72
全市公寓,108/04,102.91,102.88,102.31,-0.7%,0.87%,0.45%,1332,44.40
全市公寓,108/05,101.70,102.75,101.97,-1.18%,-0.13%,-0.33%,1316,43.88
全市公寓,108/06,101.01,101.87,101.93,-0.68%,-0.85%,-0.04%,1307,43.58
全市公寓,108/07,99.38,100.70,101.79,-1.61%,-1.15%,-0.14%,1286,42.88
全市公寓,108/08,99.08,99.82,101.29,-0.3%,-0.87%,-0.49%,1283,42.75
全市公寓,108/09,98.84,99.10,100.49,-0.24%,-0.72%,-0.79%,1279,42.65
全市公寓,108/10,102.13,100.02,100.36,3.33%,0.92%,-0.13%,1322,44.07
全市公寓,108/11,104.12,101.70,100.76,1.95%,1.68%,0.40%,1348,44.93
全市公寓,108/12,103.60,103.28,101.19,-0.5%,1.56%,0.43%,1341,44.70
全市公寓,109/01,103.07,103.60,101.81,-0.51%,0.30%,0.61%,1334,44.47
全市公寓,109/02,101.35,102.67,102.19,-1.67%,-0.89%,0.37%,1312,43.73
全市公寓,109/03,100.73,101.72,102.50,-0.61%,-0.93%,0.31%,1304,43.46
全市公寓,109/04,99.83,100.64,102.12,-0.89%,-1.06%,-0.37%,1292,43.07
全市公寓,109/05,101.14,100.57,101.62,1.31%,-0.07%,-0.49%,1309,43.64
全市公寓,109/06,101.68,100.88,101.30,0.53%,0.31%,-0.31%,1316,43.87
全市公寓,109/07,100.85,101.22,100.93,-0.82%,0.34%,-0.37%,1305,43.51
全市公寓,109/08,100.98,101.17,100.87,0.13%,-0.05%,-0.06%,1307,43.57
全市公寓,109/09,102.64,101.49,101.19,1.64%,0.32%,0.32%,1329,44.29
全市公寓,109/10,103.72,102.45,101.84,1.05%,0.94%,0.64%,1343,44.75
全市公寓,109/11,106.06,104.14,102.66,2.26%,1.65%,0.81%,1373,45.76
全市公寓,109/12,105.82,105.20,103.35,-0.23%,1.02%,0.67%,1370,45.66
全市公寓,110/01,105.27,105.72,104.08,-0.52%,0.49%,0.71%,1363,45.42
全市公寓,110/02,105.89,105.66,104.90,0.59%,-0.05%,0.79%,1371,45.69
全市公寓,110/03,106.11,105.76,105.48,0.21%,0.09%,0.55%,1373,45.78
全市公寓,110/04,105.29,105.76,105.74,-0.77%,0.01%,0.25%,1363,45.43
全市公寓,110/05,106.03,105.81,105.74,0.7%,0.04%,-,1372,45.75
全市公寓,110/06,104.78,105.37,105.56,-1.18%,-0.42%,-0.16%,1356,45.21
全市公寓,110/07,105.86,105.56,105.66,1.03%,0.18%,0.09%,1370,45.68
全市公寓,110/08,106.24,105.63,105.72,0.36%,0.07%,0.06%,1375,45.84
全市公寓,110/09,107.21,106.44,105.90,0.91%,0.77%,0.17%,1388,46.26
全市公寓,110/10,108.34,107.26,106.41,1.05%,0.78%,0.48%,1402,46.75
全市公寓,110/11,109.25,108.27,106.95,0.84%,0.94%,0.50%,1414,47.14
全市公寓,110/12,109.48,109.02,107.73,0.21%,0.70%,0.73%,1417,47.24
全市公寓,111/01,110.48,109.74,108.50,0.91%,0.65%,0.71%,1430,47.67
全市公寓,111/02,111.51,110.49,109.38,0.93%,0.69%,0.81%,1443,48.11
全市公寓,111/03,111.70,111.23,110.13,0.17%,0.67%,0.68%,1446,48.20
全市公寓,111/04,111.65,111.62,110.68,-0.04%,0.35%,0.50%,1445,48.18
全市公寓,111/05,110.07,111.14,110.82,-1.42%,-0.43%,0.12%,1425,47.49
全市公寓,111/06,110.24,110.65,110.94,0.15%,-0.44%,0.11%,1427,47.57
全市公寓,111/07,111.14,110.48,111.05,0.82%,-0.15%,0.10%,1439,47.95
全市公寓,111/08,112.08,111.15,111.15,0.85%,0.61%,0.09%,1451,48.36
全市公寓,111/09,112.68,111.97,111.31,0.54%,0.73%,0.15%,1459,48.62
全市公寓,111/10,112.59,112.45,111.47,-0.08%,1.17%,0.29%,1457,48.58
全市公寓,111/11,112.61,112.63,111.89,0.02%,0.16%,0.38%,1458,48.59
全市公寓,111/12,111.87,112.36,112.16,-0.66%,-0.24%,0.24%,1448,48.27
全市公寓,112/01,111.19,111.89,112.17,-0.61%,-0.42%,0.01%,1439,47.98
全市公寓,112/02,110.77,111.28,111.95,-0.38%,-0.55%,-0.19%,1434,47.80
全市公寓,112/03,110.12,110.69,111.53,-0.59%,-0.52%,-0.38%,1425,47.51
全市公寓,112/04,110.60,110.50,111.19,0.44%,-0.18%,-0.30%,1432,47.72
全市公寓,112/05,110.51,110.41,110.84,-0.08%,-0.08%,-0.31%,1430,47.68
全市公寓,112/06,110.19,110.43,110.56,-0.29%,0.02%,-0.25%,1426,47.55
全市公寓,112/07,110.22,110.31,110.40,0.03%,-0.11%,-0.15%,1427,47.56
全市公寓,112/08,111.55,110.65,110.53,1.21%,0.31%,0.12%,1444,48.13
全市公寓,112/09,111.80,111.19,110.81,0.22%,0.48%,0.25%,1447,48.24
全市公寓,112/10,111.51,111.62,110.96,-0.26%,0.39%,0.14%,1443,48.11
全市公寓,112/11,112.47,111.93,111.29,0.86%,0.28%,0.30%,1456,48.53
全市公寓,112/12,112.65,112.21,111.70,0.16%,0.25%,0.37%,1458,48.60
全市公寓,113/01,113.23,112.78,112.20,0.51%,0.51%,0.45%,1466,48.86
全市公寓,113/02,114.25,113.38,112.65,0.9%,0.53%,0.40%,1479,49.30
全市公寓,113/03,116.26,114.58,113.40,1.76%,1.06%,0.66%,1505,50.16
全市公寓,113/04,117.81,116.11,114.45,1.33%,1.34%,0.93%,1525,50.83
全市公寓,113/05,118.68,117.58,115.48,0.74%,1.27%,0.90%,1536,51.21
全市公寓,113/06,118.66,118.38,116.48,-0.02%,0.68%,0.87%,1536,51.20
全市公寓,113/07,119.25,118.86,117.49,0.5%,0.41%,0.86%,1544,51.45
全市公寓,113/08,119.91,119.27,118.43,0.55%,0.34%,0.80%,1552,51.74
全市公寓,113/09,119.92,119.69,119.04,0.01%,0.35%,0.52%,1552,51.74
全市公寓,113/10,118.85,119.56,119.21,-0.89%,-0.11%,0.14%,1538,51.28
全市公寓,113/11,118.12,118.96,119.12,-0.61%,-0.50%,-0.08%,1529,50.96
全市公寓,113/12,117.95,118.31,119.00,-0.14%,-0.55%,-0.10%,1527,50.89
全市公寓,114/01,116.07,117.38,118.47,-1.59%,-0.79%,-0.45%,1502,50.07
全市公寓,114/02,116.02,116.68,117.82,-0.04%,-0.60%,-0.55%,1502,50.07
全市公寓,114/03,114.16,115.42,116.86,-1.6%,-1.08%,-0.81%,1478,49.27
全市公寓,114/04,113.17,114.45,115.92,-0.87%,-0.84%,-0.80%,1465,48.83
全市公寓,114/05,112.36,113.23,114.96,-0.72%,-1.07%,-0.83%,1454,48.47
全市公寓,114/06,112.41,112.65,114.03,0.04%,-0.51%,-0.81%,1455,48.50
全市公寓,114/07,111.90,112.22,113.34,-0.45%,-0.38%,-0.61%,1448,48.27
全市公寓,114/08,111.14,111.82,112.52,-0.68%,-0.36%,-0.72%,1439,47.97
全市公寓,114/09,111.46,111.50,112.07,0.29%,-0.29%,-0.40%,1443,48.10
全市公寓,114/10,112.04,111.55,111.89,0.52%,0.04%,-0.16%,1450,48.33
全市公寓,114/11,111.31,111.60,111.71,-0.65%,0.04%,-0.16%,1441,48.03
全市公寓,114/12,110.33,111.23,111.36,-0.88%,-0.33%,-0.31%,1428,47.60
全市公寓,115/01,110.21,110.62,111.08,-0.11%,-0.55%,-0.25%,1427,47.57
全市公寓,115/02,110.01,110.18,110.89,-0.18%,-0.40%,-0.17%,1424,47.47
全市大樓,101/08,83.61,-,-,0%,-,-,1747,48.95
全市大樓,101/09,83.92,-,-,0.38%,-,-,1754,49.13
全市大樓,101/10,84.44,83.99,-,0.62%,-,-,1765,49.43
全市大樓,101/11,84.10,84.15,-,-0.4%,0.20%,-,1758,49.23
全市大樓,101/12,88.15,85.56,-,4.82%,1.68%,-,1842,51.61
全市大樓,102/01,87.34,86.53,85.26,-0.92%,1.13%,-,1825,51.13
全市大樓,102/02,86.52,87.34,85.75,-0.94%,0.93%,0.57%,1808,50.65
全市大樓,102/03,89.55,87.80,86.68,3.5%,0.53%,1.09%,1871,52.42
全市大樓,102/04,91.46,89.18,87.85,2.14%,1.56%,1.35%,1911,53.54
全市大樓,102/05,92.51,91.17,89.25,1.14%,2.24%,1.59%,1933,54.16
全市大樓,102/06,93.17,92.38,90.09,0.72%,1.32%,0.94%,1947,54.54
全市大樓,102/07,93.67,93.11,91.14,0.53%,0.80%,1.17%,1958,54.83
全市大樓,102/08,95.31,94.05,92.61,1.75%,1.00%,1.61%,1992,55.79
全市大樓,102/09,94.72,94.56,93.47,-0.62%,0.55%,0.93%,1980,55.45
全市大樓,102/10,94.48,94.83,93.97,-0.26%,0.29%,0.54%,1975,55.31
全市大樓,102/11,95.81,95.00,94.52,1.41%,0.18%,0.59%,2002,56.09
全市大樓,102/12,98.53,96.27,95.42,2.84%,1.34%,0.95%,2059,57.68
全市大樓,103/01,99.58,97.97,96.40,1.06%,1.77%,1.03%,2081,58.29
全市大樓,103/02,99.69,99.26,97.13,0.11%,1.32%,0.76%,2083,58.36
全市大樓,103/03,98.38,99.21,97.74,-1.32%,-0.05%,0.63%,2056,57.59
全市大樓,103/04,97.61,98.56,98.26,-0.78%,-0.66%,0.53%,2040,57.14
全市大樓,103/05,101.05,99.01,99.14,3.52%,0.46%,0.89%,2112,59.16
全市大樓,103/06,101.20,99.95,99.58,0.15%,0.95%,0.45%,2115,59.24
全市大樓,103/07,102.06,101.43,99.99,0.85%,1.48%,0.42%,2133,59.75
全市大樓,103/08,101.90,101.72,100.36,-0.15%,0.28%,0.37%,2130,59.66
全市大樓,103/09,99.75,101.24,100.59,-2.11%,-0.47%,0.23%,2085,58.40
全市大樓,103/10,99.45,100.37,100.90,-0.31%,-0.86%,0.31%,2078,58.22
全市大樓,103/11,102.11,100.44,101.08,2.67%,0.07%,0.18%,2134,59.78
全市大樓,103/12,101.45,101.00,101.12,-0.64%,0.56%,0.04%,2120,59.39
全市大樓,104/01,101.21,101.59,100.98,-0.24%,0.58%,-0.14%,2115,59.25
全市大樓,104/02,98.71,100.45,100.44,-2.47%,-1.12%,-0.53%,2063,57.79
全市大樓,104/03,99.21,99.71,100.35,0.51%,-0.74%,-0.09%,2073,58.08
全市大樓,104/04,102.59,100.17,100.88,3.41%,0.46%,0.52%,2144,60.06
全市大樓,104/05,104.34,102.05,101.25,1.7%,1.87%,0.37%,2181,61.08
全市大樓,104/06,103.31,103.41,101.56,-0.98%,1.34%,0.31%,2159,60.48
全市大樓,104/07,102.87,103.51,101.84,-0.42%,0.09%,0.27%,2150,60.23
全市大樓,104/08,101.50,102.56,102.30,-1.34%,-0.91%,0.46%,2121,59.42
全市大樓,104/09,101.88,102.08,102.75,0.37%,-0.47%,0.43%,2129,59.64
全市大樓,104/10,100.09,101.15,102.33,-1.76%,-0.91%,-0.41%,2092,58.59
全市大樓,104/11,98.66,100.21,101.38,-1.43%,-0.94%,-0.92%,2062,57.76
全市大樓,104/12,96.71,98.49,100.28,-1.97%,-1.72%,-1.09%,2021,56.62
全市大樓,105/01,96.17,97.18,99.17,-0.56%,-1.33%,-1.11%,2010,56.30
全市大樓,105/02,95.69,96.19,98.20,-0.5%,-1.02%,-0.98%,2000,56.02
全市大樓,105/03,97.30,96.39,97.44,1.68%,0.20%,-0.78%,2034,56.96
全市大樓,105/04,98.18,97.06,97.12,0.91%,0.70%,-0.33%,2052,57.48
全市大樓,105/05,95.72,97.07,96.63,-2.51%,0.01%,-0.50%,2001,56.04
全市大樓,105/06,94.93,96.28,96.33,-0.83%,-0.81%,-0.31%,1984,55.57
全市大樓,105/07,97.43,96.03,96.54,2.63%,-0.26%,0.22%,2036,57.04
全市大樓,105/08,100.43,97.60,97.33,3.08%,1.64%,0.82%,2099,58.80
全市大樓,105/09,97.78,98.55,97.41,-2.64%,0.97%,0.08%,2044,57.25
全市大樓,105/10,99.10,99.11,97.57,1.35%,0.57%,0.16%,2071,58.02
全市大樓,105/11,100.05,98.98,98.29,0.96%,-0.13%,0.74%,2091,58.57
全市大樓,105/12,101.57,100.24,99.40,1.52%,1.28%,1.13%,2123,59.46
全市大樓,106/01,99.83,100.48,99.80,-1.72%,0.24%,0.40%,2086,58.44
全市大樓,106/02,98.81,100.07,99.53,-1.01%,-0.41%,-0.27%,2065,57.85
全市大樓,106/03,97.59,98.75,99.49,-1.24%,-1.32%,-0.03%,2040,57.13
全市大樓,106/04,95.80,97.40,98.94,-1.84%,-1.36%,-0.55%,2002,56.08
全市大樓,106/05,96.97,96.79,98.43,1.22%,-0.63%,-0.52%,2027,56.77
全市大樓,106/06,97.06,96.61,97.68,0.1%,-0.18%,-0.76%,2029,56.82
全市大樓,106/07,96.60,96.87,97.14,-0.47%,0.28%,-0.55%,2019,56.55
全市大樓,106/08,99.28,97.64,97.22,2.77%,0.80%,0.08%,2075,58.12
全市大樓,106/09,101.33,99.07,97.84,2.07%,1.46%,0.64%,2118,59.32
全市大樓,106/10,100.45,100.35,98.61,-0.87%,1.30%,0.79%,2099,58.81
全市大樓,106/11,101.83,101.20,99.42,1.37%,0.85%,0.82%,2128,59.61
全市大樓,106/12,101.39,101.23,100.15,-0.42%,0.02%,0.73%,2119,59.36
全市大樓,107/01,102.78,102.00,101.18,1.36%,0.76%,1.03%,2148,60.17
全市大樓,107/02,103.12,102.43,101.82,0.34%,0.42%,0.63%,2155,60.37
全市大樓,107/03,100.29,102.06,101.64,-2.74%,-0.36%,-0.17%,2096,58.71
全市大樓,107/04,99.26,100.89,101.45,-1.02%,-1.15%,-0.20%,2075,58.11
全市大樓,107/05,101.21,100.25,101.34,1.96%,-0.63%,-0.10%,2115,59.25
全市大樓,107/06,101.84,100.77,101.42,0.62%,0.51%,0.07%,2128,59.62
全市大樓,107/07,102.81,101.95,101.42,0.95%,1.17%,-,2149,60.19
全市大樓,107/08,99.78,101.47,100.86,-2.94%,-0.47%,-0.55%,2085,58.41
全市大樓,107/09,99.09,100.56,100.66,-0.69%,-0.90%,-0.20%,2071,58.01
全市大樓,107/10,97.00,98.62,100.29,-2.1%,-1.92%,-0.37%,2027,56.79
全市大樓,107/11,96.32,97.47,99.47,-0.7%,-1.17%,-0.81%,2013,56.39
全市大樓,107/12,96.51,96.61,98.58,0.19%,-0.88%,-0.89%,2017,56.50
全市大樓,108/01,98.07,96.97,97.79,1.62%,0.37%,-0.80%,2050,57.41
全市大樓,108/02,97.40,97.33,97.40,-0.68%,0.37%,-0.41%,2036,57.02
全市大樓,108/03,99.10,98.19,97.40,1.74%,0.89%,-,2071,58.01
全市大樓,108/04,97.29,97.93,97.45,-1.82%,-0.26%,0.05%,2033,56.96
全市大樓,108/05,98.20,98.20,97.76,0.94%,0.27%,0.32%,2052,57.49
全市大樓,108/06,99.43,98.31,98.25,1.25%,0.11%,0.50%,2078,58.21
全市大樓,108/07,98.57,98.73,98.33,-0.86%,0.43%,0.08%,2060,57.71
全市大樓,108/08,98.90,98.97,98.58,0.33%,0.24%,0.25%,2067,57.90
全市大樓,108/09,99.71,99.06,98.68,0.82%,0.09%,0.10%,2084,58.37
全市大樓,108/10,98.36,98.99,98.86,-1.35%,-0.07%,0.18%,2056,57.58
全市大樓,108/11,100.98,99.68,99.33,2.66%,0.70%,0.47%,2110,59.12
全市大樓,108/12,102.32,100.55,99.81,1.33%,0.87%,0.48%,2139,59.90
全市大樓,109/01,103.32,102.21,100.60,0.98%,1.64%,0.79%,2159,60.49
全市大樓,109/02,103.44,103.03,101.36,0.12%,0.80%,0.75%,2162,60.56
全市大樓,109/03,104.16,103.64,102.10,0.7%,0.60%,0.73%,2177,60.98
全市大樓,109/04,104.13,103.91,103.06,-0.03%,0.26%,0.94%,2176,60.96
全市大樓,109/05,104.38,104.22,103.63,0.24%,0.30%,0.55%,2182,61.11
全市大樓,109/06,104.25,104.25,103.95,-0.12%,0.03%,0.31%,2179,61.03
全市大樓,109/07,104.30,104.31,104.11,0.05%,0.05%,0.16%,2180,61.06
全市大樓,109/08,104.36,104.30,104.26,0.06%,-0.01%,0.15%,2181,61.09
全市大樓,109/09,105.48,104.71,104.48,1.07%,0.39%,0.21%,2204,61.75
全市大樓,109/10,106.14,105.33,104.82,0.63%,0.59%,0.32%,2218,62.14
全市大樓,109/11,105.23,105.62,104.96,-0.86%,0.28%,0.14%,2199,61.61
全市大樓,109/12,106.17,105.85,105.28,0.89%,0.22%,0.30%,2219,62.16
全市大樓,110/01,106.84,106.08,105.70,0.63%,0.22%,0.40%,2233,62.55
全市大樓,110/02,107.84,106.95,106.28,0.94%,0.82%,0.55%,2254,63.14
全市大樓,110/03,108.69,107.79,106.82,0.79%,0.79%,0.50%,2272,63.63
全市大樓,110/04,108.95,108.49,107.29,0.24%,0.65%,0.44%,2277,63.78
全市大樓,110/05,109.11,108.92,107.93,0.15%,0.39%,0.60%,2280,63.88
全市大樓,110/06,108.89,108.98,108.39,-0.2%,0.06%,0.42%,2276,63.75
全市大樓,110/07,108.90,108.97,108.73,0.01%,-0.02%,0.32%,2276,63.75
全市大樓,110/08,109.84,109.21,109.06,0.86%,0.22%,0.31%,2296,64.30
全市大樓,110/09,111.17,109.97,109.48,1.21%,0.70%,0.38%,2323,65.08
全市大樓,110/10,112.78,111.26,110.12,1.45%,1.18%,0.58%,2357,66.02
全市大樓,110/11,113.32,112.42,110.82,0.48%,1.04%,0.64%,2368,66.34
全市大樓,110/12,114.66,113.59,111.78,1.18%,1.03%,0.87%,2396,67.13
全市大樓,111/01,115.15,114.38,112.82,0.43%,0.70%,0.93%,2407,67.41
全市大樓,111/02,115.75,115.19,113.81,0.52%,0.71%,0.87%,2419,67.76
全市大樓,111/03,116.22,115.71,114.65,0.41%,0.45%,0.74%,2429,68.04
全市大樓,111/04,117.37,116.45,115.41,0.99%,0.64%,0.67%,2453,68.71
全市大樓,111/05,117.57,117.05,116.12,0.17%,0.52%,0.61%,2457,68.83
全市大樓,111/06,118.22,117.72,116.71,0.55%,0.57%,0.51%,2471,69.21
全市大樓,111/07,118.73,118.17,117.31,0.43%,0.39%,0.51%,2481,69.51
全市大樓,111/08,118.87,118.61,117.83,0.12%,0.37%,0.44%,2484,69.59
全市大樓,111/09,119.02,118.87,118.30,0.13%,0.22%,0.40%,2488,69.68
全市大樓,111/10,119.69,119.19,118.68,0.56%,0.49%,0.72%,2501,70.07
全市大樓,111/11,120.17,119.63,119.12,0.4%,0.36%,0.37%,2511,70.35
全市大樓,111/12,120.06,119.97,119.42,-0.09%,0.29%,0.26%,2509,70.29
全市大樓,112/01,119.88,120.04,119.62,-0.15%,0.05%,0.16%,2505,70.18
全市大樓,112/02,119.69,119.88,119.75,-0.16%,-0.13%,0.11%,2502,70.07
全市大樓,112/03,119.56,119.71,119.84,-0.11%,-0.14%,0.08%,2499,69.99
全市大樓,112/04,119.52,119.59,119.81,-0.03%,-0.10%,-0.02%,2498,69.97
全市大樓,112/05,120.01,119.70,119.79,0.41%,0.09%,-0.02%,2508,70.25
全市大樓,112/06,120.30,119.94,119.83,0.24%,0.21%,0.03%,2514,70.42
全市大樓,112/07,121.13,120.48,120.04,0.69%,0.45%,0.17%,2532,70.91
全市大樓,112/08,121.47,120.97,120.33,0.28%,0.40%,0.25%,2539,71.11
全市大樓,112/09,122.41,121.67,120.81,0.77%,0.58%,0.39%,2558,71.66
全市大樓,112/10,123.35,122.41,121.45,0.77%,0.61%,0.53%,2578,72.21
全市大樓,112/11,124.25,123.34,122.15,0.73%,0.76%,0.58%,2597,72.74
全市大樓,112/12,125.73,124.44,123.06,1.19%,0.89%,0.74%,2628,73.61
全市大樓,113/01,126.83,125.60,124.01,0.87%,0.93%,0.77%,2651,74.25
全市大樓,113/02,128.96,127.17,125.26,1.68%,1.25%,1.01%,2695,75.50
全市大樓,113/03,131.72,129.17,126.81,2.14%,1.57%,1.24%,2753,77.11
全市大樓,113/04,134.15,131.61,128.61,1.84%,1.89%,1.42%,2804,78.53
全市大樓,113/05,135.58,133.82,130.50,1.07%,1.68%,1.47%,2834,79.37
全市大樓,113/06,136.20,135.31,132.24,0.46%,1.11%,1.33%,2847,79.74
全市大樓,113/07,137.33,136.37,133.99,0.83%,0.78%,1.32%,2870,80.40
全市大樓,113/08,138.72,137.42,135.62,1.01%,0.77%,1.21%,2899,81.21
全市大樓,113/09,139.36,138.47,136.89,0.46%,0.77%,0.94%,2913,81.59
全市大樓,113/10,140.12,139.40,137.89,0.55%,0.67%,0.73%,2929,82.03
全市大樓,113/11,140.32,139.93,138.68,0.14%,0.38%,0.57%,2933,82.15
全市大樓,113/12,140.28,140.24,139.36,-0.03%,0.22%,0.49%,2932,82.12
全市大樓,114/01,140.29,140.30,139.85,0.01%,0.04%,0.35%,2932,82.12
全市大樓,114/02,140.85,140.47,140.20,0.4%,0.12%,0.25%,2944,82.46
全市大樓,114/03,139.10,140.08,140.16,-1.24%,-0.28%,-0.03%,2907,81.43
全市大樓,114/04,139.50,139.82,140.06,0.29%,-0.19%,-0.07%,2915,81.65
全市大樓,114/05,139.12,139.24,139.86,-0.27%,-0.41%,-0.14%,2908,81.46
全市大樓,114/06,138.52,139.05,139.56,-0.43%,-0.14%,-0.21%,2895,81.09
全市大樓,114/07,138.09,138.58,139.20,-0.31%,-0.34%,-0.26%,2886,80.84
全市大樓,114/08,137.88,138.16,138.70,-0.15%,-0.30%,-0.36%,2882,80.73
全市大樓,114/09,139.53,138.50,138.77,1.2%,0.25%,0.05%,2916,81.68
全市大樓,114/10,139.66,139.02,138.80,0.09%,0.38%,0.02%,2919,81.76
全市大樓,114/11,139.08,139.42,138.79,-0.42%,0.29%,-0.01%,2907,81.43
全市大樓,114/12,137.15,138.63,138.57,-1.39%,-0.57%,-0.16%,2866,80.28
全市大樓,115/01,137.39,137.87,138.45,0.17%,-0.55%,-0.09%,2871,80.42
全市大樓,115/02,138.59,137.71,138.57,0.87%,-0.12%,0.09%,2896,81.12
全市小宅,101/08,82.81,-,-,0%,-,-,715,51.11
全市小宅,101/09,82.90,-,-,0.11%,-,-,716,51.16
全市小宅,101/10,84.57,83.43,-,2.01%,-,-,731,52.19
全市小宅,101/11,83.43,83.63,-,-1.35%,0.25%,-,721,51.49
全市小宅,101/12,84.83,84.28,-,1.68%,0.77%,-,733,52.35
全市小宅,102/01,84.93,84.40,83.91,0.12%,0.14%,-,734,52.42
全市小宅,102/02,86.42,85.39,84.51,1.75%,1.18%,0.72%,747,53.34
全市小宅,102/03,87.61,86.32,85.30,1.38%,1.09%,0.93%,757,54.07
全市小宅,102/04,89.34,87.79,86.09,1.97%,1.70%,0.93%,772,55.13
全市小宅,102/05,91.91,89.62,87.51,2.88%,2.08%,1.64%,794,56.72
全市小宅,102/06,94.31,91.85,89.09,2.61%,2.49%,1.81%,815,58.20
全市小宅,102/07,93.93,93.38,90.59,-0.4%,1.67%,1.68%,812,57.97
全市小宅,102/08,94.91,94.38,92.00,1.04%,1.07%,1.56%,820,58.57
全市小宅,102/09,97.23,95.36,93.61,2.44%,1.03%,1.74%,840,60.01
全市小宅,102/10,97.29,96.48,94.93,0.06%,1.17%,1.42%,841,60.04
全市小宅,102/11,97.12,97.21,95.80,-0.17%,0.76%,0.91%,839,59.94
全市小宅,102/12,97.48,97.30,96.33,0.37%,0.09%,0.55%,842,60.16
全市小宅,103/01,101.56,98.72,97.60,4.19%,1.46%,1.32%,878,62.68
全市小宅,103/02,104.09,101.04,99.13,2.49%,2.35%,1.57%,899,64.24
全市小宅,103/03,101.75,102.47,99.88,-2.25%,1.41%,0.76%,879,62.80
全市小宅,103/04,102.21,102.68,100.70,0.45%,0.21%,0.82%,883,63.08
全市小宅,103/05,104.30,102.75,101.90,2.04%,0.07%,1.19%,901,64.37
全市小宅,103/06,103.44,103.32,102.89,-0.82%,0.55%,0.97%,894,63.84
全市小宅,103/07,105.30,104.35,103.52,1.8%,1.00%,0.61%,910,64.98
全市小宅,103/08,103.60,104.11,103.43,-1.61%,-0.22%,-0.08%,895,63.94
全市小宅,103/09,101.90,103.60,103.46,-1.64%,-0.49%,0.02%,880,62.89
全市小宅,103/10,102.01,102.50,103.43,0.11%,-1.06%,-0.03%,881,62.96
全市小宅,103/11,106.68,103.53,103.82,4.58%,1.00%,0.38%,922,65.84
全市小宅,103/12,103.85,104.18,103.89,-2.65%,0.63%,0.07%,897,64.09
全市小宅,104/01,102.79,104.44,103.47,-1.02%,0.25%,-0.40%,888,63.44
全市小宅,104/02,102.08,102.91,103.22,-0.69%,-1.47%,-0.24%,882,63.00
全市小宅,104/03,103.77,102.88,103.53,1.66%,-0.03%,0.30%,897,64.04
全市小宅,104/04,102.72,102.86,103.65,-1.01%,-0.02%,0.11%,888,63.40
全市小宅,104/05,104.95,103.81,103.36,2.17%,0.93%,-0.28%,907,64.77
全市小宅,104/06,105.27,104.31,103.60,0.3%,0.48%,0.23%,910,64.97
全市小宅,104/07,102.87,104.36,103.61,-2.28%,0.05%,0.01%,889,63.49
全市小宅,104/08,99.83,102.66,103.24,-2.96%,-1.64%,-0.36%,863,61.61
全市小宅,104/09,100.28,100.99,102.65,0.45%,-1.62%,-0.56%,866,61.89
全市小宅,104/10,100.12,100.08,102.22,-0.16%,-0.91%,-0.42%,865,61.79
全市小宅,104/11,101.00,100.47,101.56,0.88%,0.39%,-0.64%,873,62.33
全市小宅,104/12,99.32,100.15,100.57,-1.66%,-0.32%,-0.98%,858,61.29
全市小宅,105/01,99.35,99.89,99.98,0.03%,-0.26%,-0.58%,858,61.31
全市小宅,105/02,98.00,98.89,99.68,-1.36%,-1.00%,-0.31%,847,60.48
全市小宅,105/03,98.21,98.52,99.33,0.21%,-0.37%,-0.35%,849,60.61
全市小宅,105/04,97.34,97.85,98.87,-0.89%,-0.68%,-0.47%,841,60.08
全市小宅,105/05,99.63,98.39,98.64,2.35%,0.56%,-0.23%,861,61.49
全市小宅,105/06,100.73,99.23,98.88,1.1%,0.85%,0.24%,870,62.17
全市小宅,105/07,98.97,99.78,98.81,-1.75%,0.55%,-0.06%,855,61.08
全市小宅,105/08,99.52,99.74,99.07,0.56%,-0.04%,0.26%,860,61.42
全市小宅,105/09,98.69,99.06,99.15,-0.83%,-0.68%,0.08%,853,60.91
全市小宅,105/10,97.56,98.59,99.18,-1.14%,-0.47%,0.04%,843,60.21
全市小宅,105/11,96.41,97.55,98.65,-1.18%,-1.05%,-0.54%,833,59.50
全市小宅,105/12,99.00,97.66,98.36,2.69%,0.11%,-0.29%,855,61.10
全市小宅,106/01,95.76,97.06,97.82,-3.27%,-0.61%,-0.54%,827,59.10
全市小宅,106/02,96.40,97.05,97.30,0.67%,-,-0.53%,833,59.49
全市小宅,106/03,95.82,95.99,96.83,-0.6%,-1.09%,-0.49%,828,59.14
全市小宅,106/04,96.85,96.36,96.71,1.07%,0.38%,-0.12%,837,59.77
全市小宅,106/05,99.02,97.23,97.14,2.24%,0.91%,0.45%,856,61.11
全市小宅,106/06,100.16,98.68,97.34,1.15%,1.49%,0.20%,865,61.81
全市小宅,106/07,98.91,99.36,97.86,-1.25%,0.70%,0.54%,855,61.04
全市小宅,106/08,96.82,98.63,97.93,-2.11%,-0.74%,0.07%,837,59.75
全市小宅,106/09,98.95,98.23,98.45,2.2%,-0.41%,0.53%,855,61.07
全市小宅,106/10,96.66,97.48,98.42,-2.31%,-0.76%,-0.03%,835,59.66
全市小宅,106/11,98.69,98.10,98.37,2.1%,0.64%,-0.06%,853,60.91
全市小宅,106/12,98.96,98.10,98.17,0.27%,-,-0.20%,855,61.07
全市小宅,107/01,101.23,99.63,98.55,2.29%,1.55%,0.39%,875,62.48
全市小宅,107/02,99.08,99.76,98.93,-2.12%,0.13%,0.38%,856,61.14
全市小宅,107/03,97.35,99.22,98.66,-1.75%,-0.54%,-0.27%,841,60.08
全市小宅,107/04,99.31,98.58,99.10,2.01%,-0.65%,0.45%,858,61.29
全市小宅,107/05,100.24,98.97,99.36,0.94%,0.39%,0.26%,866,61.86
全市小宅,107/06,101.63,100.39,99.81,1.39%,1.44%,0.45%,878,62.72
全市小宅,107/07,101.82,101.23,99.91,0.19%,0.83%,0.10%,880,62.84
全市小宅,107/08,99.21,100.89,99.93,-2.56%,-0.34%,0.02%,857,61.23
全市小宅,107/09,97.20,99.41,99.90,-2.03%,-1.46%,-0.03%,840,59.99
全市小宅,107/10,99.04,98.48,99.86,1.89%,-0.93%,-0.05%,856,61.12
全市小宅,107/11,100.12,98.79,99.84,1.09%,0.31%,-0.02%,865,61.79
全市小宅,107/12,102.81,100.66,100.03,2.69%,1.89%,0.20%,888,63.45
全市小宅,108/01,101.47,101.47,99.98,-1.3%,0.80%,-0.06%,877,62.62
全市小宅,108/02,99.62,101.30,100.04,-1.82%,-0.16%,0.07%,861,61.48
全市小宅,108/03,98.41,99.83,100.25,-1.21%,-1.45%,0.20%,850,60.73
全市小宅,108/04,100.07,99.37,100.42,1.69%,-0.47%,0.17%,865,61.76
全市小宅,108/05,100.62,99.70,100.50,0.55%,0.34%,0.08%,869,62.10
全市小宅,108/06,100.33,100.34,100.09,-0.29%,0.64%,-0.41%,867,61.92
全市小宅,108/07,99.19,100.05,99.71,-1.14%,-0.29%,-0.38%,857,61.21
全市小宅,108/08,100.78,100.10,99.90,1.6%,0.05%,0.19%,871,62.19
全市小宅,108/09,100.86,100.28,100.31,0.08%,0.18%,0.41%,871,62.25
全市小宅,108/10,100.47,100.70,100.38,-0.39%,0.43%,0.07%,868,62.00
全市小宅,108/11,99.93,100.42,100.26,-0.54%,-0.28%,-0.11%,863,61.67
全市小宅,108/12,99.66,100.02,100.15,-0.27%,-0.40%,-0.11%,861,61.51
全市小宅,109/01,100.75,100.11,100.41,1.09%,0.09%,0.26%,870,62.18
全市小宅,109/02,101.59,100.67,100.54,0.83%,0.55%,0.13%,878,62.70
全市小宅,109/03,102.12,101.49,100.75,0.52%,0.81%,0.21%,882,63.02
全市小宅,109/04,101.31,101.67,100.89,-0.79%,0.18%,0.14%,875,62.53
全市小宅,109/05,100.27,101.23,100.95,-1.03%,-0.43%,0.06%,866,61.88
全市小宅,109/06,100.58,100.72,101.10,0.31%,-0.51%,0.15%,869,62.07
全市小宅,109/07,102.70,101.18,101.43,2.11%,0.46%,0.32%,887,63.38
全市小宅,109/08,104.15,102.48,101.86,1.41%,1.28%,0.42%,900,64.28
全市小宅,109/09,103.64,103.50,102.11,-0.49%,1.00%,0.25%,895,63.96
全市小宅,109/10,103.25,103.68,102.43,-0.38%,0.18%,0.32%,892,63.72
全市小宅,109/11,104.07,103.65,103.07,0.79%,-0.03%,0.62%,899,64.23
全市小宅,109/12,103.65,103.66,103.58,-0.4%,-,0.50%,896,63.97
全市小宅,110/01,103.49,103.74,103.71,-0.15%,0.08%,0.13%,894,63.87
全市小宅,110/02,105.12,104.09,103.87,1.58%,0.34%,0.16%,908,64.87
全市小宅,110/03,106.39,105.00,104.33,1.21%,0.88%,0.44%,919,65.66
全市小宅,110/04,105.84,105.78,104.76,-0.52%,0.75%,0.41%,914,65.32
全市小宅,110/05,105.43,105.89,104.99,-0.39%,0.10%,0.22%,911,65.07
全市小宅,110/06,105.47,105.58,105.29,0.04%,-0.29%,0.29%,911,65.09
全市小宅,110/07,104.46,105.12,105.45,-0.96%,-0.44%,0.15%,903,64.47
全市小宅,110/08,105.72,105.22,105.55,1.21%,0.09%,0.09%,913,65.25
全市小宅,110/09,107.65,105.94,105.76,1.83%,0.69%,0.20%,930,66.44
全市小宅,110/10,109.31,107.56,106.34,1.54%,1.53%,0.55%,944,67.46
全市小宅,110/11,110.22,109.06,107.14,0.83%,1.39%,0.75%,952,68.02
全市小宅,110/12,111.52,110.35,108.15,1.18%,1.18%,0.94%,964,68.82
全市小宅,111/01,111.90,111.21,109.39,0.34%,0.78%,1.15%,967,69.06
全市小宅,111/02,112.22,111.88,110.47,0.29%,0.60%,0.99%,970,69.25
全市小宅,111/03,112.70,112.27,111.31,0.43%,0.35%,0.76%,974,69.55
全市小宅,111/04,113.25,112.72,111.97,0.49%,0.40%,0.59%,978,69.89
全市小宅,111/05,112.89,112.95,112.41,-0.32%,0.20%,0.40%,975,69.67
全市小宅,111/06,111.85,112.66,112.47,-0.92%,-0.25%,0.05%,966,69.03
全市小宅,111/07,112.00,112.25,112.49,0.13%,-0.37%,0.01%,968,69.12
全市小宅,111/08,113.07,112.31,112.63,0.96%,0.05%,0.13%,977,69.78
全市小宅,111/09,113.04,112.70,112.68,-0.03%,0.35%,0.05%,977,69.76
全市小宅,111/10,112.83,112.98,112.61,-0.19%,0.60%,-0.01%,975,69.63
全市小宅,111/11,112.81,112.89,112.60,-0.02%,-0.08%,-0.01%,975,69.62
全市小宅,111/12,111.48,112.37,112.54,-1.18%,-0.46%,-0.05%,963,68.80
全市小宅,112/01,110.48,111.59,112.29,-0.9%,-0.70%,-0.23%,955,68.18
全市小宅,112/02,110.24,110.73,111.81,-0.22%,-0.77%,-0.42%,952,68.03
全市小宅,112/03,109.84,110.19,111.28,-0.36%,-0.49%,-0.48%,949,67.79
全市小宅,112/04,109.60,109.89,110.74,-0.22%,-0.27%,-0.48%,947,67.64
全市小宅,112/05,109.29,109.58,110.16,-0.28%,-0.29%,-0.53%,944,67.45
全市小宅,112/06,109.10,109.33,109.76,-0.17%,-0.23%,-0.36%,943,67.33
全市小宅,112/07,109.94,109.44,109.67,0.77%,0.10%,-0.08%,950,67.85
全市小宅,112/08,110.07,109.70,109.64,0.12%,0.24%,-0.03%,951,67.93
全市小宅,112/09,110.81,110.27,109.80,0.67%,0.52%,0.15%,957,68.39
全市小宅,112/10,111.60,110.83,110.14,0.71%,0.50%,0.30%,964,68.87
全市小宅,112/11,112.98,111.80,110.75,1.24%,0.88%,0.55%,976,69.73
全市小宅,112/12,114.68,113.09,111.68,1.5%,1.15%,0.84%,991,70.77
全市小宅,113/01,115.65,114.44,112.63,0.85%,1.19%,0.85%,999,71.37
全市小宅,113/02,117.56,115.96,113.88,1.65%,1.33%,1.11%,1016,72.55
全市小宅,113/03,120.13,117.78,115.43,2.19%,1.57%,1.36%,1038,74.14
全市小宅,113/04,122.59,120.09,117.27,2.05%,1.96%,1.59%,1059,75.66
全市小宅,113/05,125.55,122.76,119.36,2.41%,2.22%,1.78%,1085,77.49
全市小宅,113/06,127.07,125.07,121.43,1.21%,1.88%,1.73%,1098,78.42
全市小宅,113/07,128.30,126.97,123.53,0.97%,1.52%,1.74%,1109,79.18
全市小宅,113/08,130.33,128.57,125.66,1.58%,1.25%,1.72%,1126,80.43
全市小宅,113/09,130.53,129.72,127.40,0.15%,0.90%,1.38%,1128,80.56
全市小宅,113/10,129.70,130.19,128.58,-0.64%,0.36%,0.93%,1121,80.04
全市小宅,113/11,129.38,129.87,129.22,-0.25%,-0.25%,0.50%,1118,79.85
全市小宅,113/12,130.35,129.81,129.77,0.75%,-0.05%,0.43%,1126,80.45
全市小宅,114/01,129.69,129.81,130.00,-0.51%,-,0.18%,1121,80.07
全市小宅,114/02,132.21,130.75,130.31,1.94%,0.72%,0.24%,1142,81.57
全市小宅,114/03,130.33,130.74,130.28,-1.42%,-0.01%,-0.02%,1126,80.43
全市小宅,114/04,129.93,130.82,130.32,-0.31%,0.06%,0.03%,1123,80.21
全市小宅,114/05,129.54,129.93,130.34,-0.3%,-0.68%,0.02%,1119,79.93
全市小宅,114/06,128.08,129.18,129.96,-1.13%,-0.58%,-0.29%,1107,79.07
全市小宅,114/07,128.18,128.60,129.71,0.08%,-0.45%,-0.19%,1108,79.14
全市小宅,114/08,127.59,127.95,128.94,-0.46%,-0.51%,-0.59%,1102,78.71
全市小宅,114/09,127.35,127.71,128.45,-0.19%,-0.19%,-0.38%,1100,78.57
全市小宅,114/10,127.39,127.44,128.02,0.03%,-0.21%,-0.33%,1101,78.64
全市小宅,114/11,126.35,127.03,127.49,-0.82%,-0.32%,-0.41%,1092,78.00
全市小宅,114/12,125.50,126.41,127.06,-0.67%,-0.49%,-0.34%,1084,77.43
全市小宅,115/01,125.65,125.83,126.64,0.12%,-0.46%,-0.33%,1086,77.57
全市小宅,115/02,126.53,125.89,126.46,0.7%,0.05%,-0.14%,1093,78.07

