年度,年期,繳納期間起日,繳納期間迄日,一般土地地價稅計算公式,自用住宅用地地價稅計算公式,工業用地地價稅計算公式,公共設施保留地地價稅計算公式
70,上期,19810916,19811015,"(課稅地價×稅率–累進差額)×1/2＝應納稅額
(1)(3300000以下×15/1000)×1/2＝應納稅額
(2)(3300001~19800000×20/1000–16500)×1/2＝應納稅額
(3)(19800001~36300000×30/1000–214500)×1/2＝應納稅額
(4)(36300001~52800000×40/1000–577500)×1/2＝應納稅額
(5)(52800001~69300000×50/1000–1105500)×1/2＝應納稅額
(6)(69300001~85800000×60/1000–1798500)×1/2＝應納稅額
(7)(85800001以上×70/1000–2656500)×1/2＝應納稅額",課稅地價×5/1000×1/2=應納稅額,課稅地價×15/1000×1/2=應納稅額,課稅地價×10/1000×1/2=應納稅額
70,下期,19820316,19820414,"(課稅地價×稅率–累進差額)×1/2＝應納稅額
(1)(3300000以下×15/1000)×1/2＝應納稅額
(2)(3300001~19800000×20/1000–16500)×1/2＝應納稅額
(3)(19800001~36300000×30/1000–214500)×1/2＝應納稅額
(4)(36300001~52800000×40/1000–577500)×1/2＝應納稅額
(5)(52800001~69300000×50/1000–1105500)×1/2＝應納稅額
(6)(69300001~85800000×60/1000–1798500)×1/2＝應納稅額
(7)(85800001以上×70/1000–2656500)×1/2＝應納稅額",課稅地價×5/1000×1/2=應納稅額,課稅地價×15/1000×1/2=應納稅額,課稅地價×10/1000×1/2=應納稅額
71,上期,19820916,19821015,"(課稅地價×稅率–累進差額)×1/2＝應納稅額
(1)(3300000以下×15/1000)×1/2＝應納稅額
(2)(3300001~19800000×20/1000–16500)×1/2＝應納稅額
(3)(19800001~36300000×30/1000–214500)×1/2＝應納稅額
(4)(36300001~52800000×40/1000–577500)×1/2＝應納稅額
(5)(52800001~69300000×50/1000–1105500)×1/2＝應納稅額
(6)(69300001~85800000×60/1000–1798500)×1/2＝應納稅額
(7)(85800001以上×70/1000–2656500)×1/2＝應納稅額",課稅地價×5/1000×1/2=應納稅額,課稅地價×15/1000×1/2=應納稅額,課稅地價×10/1000×1/2=應納稅額
71,下期,19830316,19830414,"(課稅地價×稅率–累進差額)×1/2＝應納稅額
(1)(3300000以下×15/1000)×1/2＝應納稅額
(2)(3300001~19800000×20/1000–16500)×1/2＝應納稅額
(3)(19800001~36300000×30/1000–214500)×1/2＝應納稅額
(4)(36300001~52800000×40/1000–577500)×1/2＝應納稅額
(5)(52800001~69300000×50/1000–1105500)×1/2＝應納稅額
(6)(69300001~85800000×60/1000–1798500)×1/2＝應納稅額
(7)(85800001以上×70/1000–2656500)×1/2＝應納稅額",課稅地價×5/1000×1/2=應納稅額,課稅地價×15/1000×1/2=應納稅額,課稅地價×10/1000×1/2=應納稅額
72,上期,19830916,19831015,"(課稅地價×稅率–累進差額)×1/2＝應納稅額
(1)(3300000以下×15/1000)×1/2＝應納稅額
(2)(3300001~19800000×20/1000–16500)×1/2＝應納稅額
(3)(19800001~36300000×30/1000–214500)×1/2＝應納稅額
(4)(36300001~52800000×40/1000–577500)×1/2＝應納稅額
(5)(52800001~69300000×50/1000–1105500)×1/2＝應納稅額
(6)(69300001~85800000×60/1000–1798500)×1/2＝應納稅額
(7)(85800001以上×70/1000–2656500)×1/2＝應納稅額",課稅地價×5/1000×1/2=應納稅額,課稅地價×15/1000×1/2=應納稅額,課稅地價×10/1000×1/2=應納稅額
72,下期,19840316,19840414,"(課稅地價×稅率–累進差額)×1/2＝應納稅額
(1)(3300000以下×15/1000)×1/2＝應納稅額
(2)(3300001~19800000×20/1000–16500)×1/2＝應納稅額
(3)(19800001~36300000×30/1000–214500)×1/2＝應納稅額
(4)(36300001~52800000×40/1000–577500)×1/2＝應納稅額
(5)(52800001~69300000×50/1000–1105500)×1/2＝應納稅額
(6)(69300001~85800000×60/1000–1798500)×1/2＝應納稅額
(7)(85800001以上×70/1000–2656500)×1/2＝應納稅額",課稅地價×5/1000×1/2=應納稅額,課稅地價×15/1000×1/2=應納稅額,課稅地價×10/1000×1/2=應納稅額
73,全期,19841116,19841215,"(課稅地價×稅率–累計差額)×1＝應納稅額
累進起點地價及稅率、累進差額同上。",課稅地價×5/1000=應納稅額,課稅地價×15/1000=應納稅額,課稅地價×10/1000=應納稅額
74,全期,19851116,19851215,"(課稅地價×稅率–累計差額)×1＝應納稅額
累進起點地價及稅率、累進差額同上。",課稅地價×5/1000=應納稅額,課稅地價×15/1000=應納稅額,課稅地價×10/1000=應納稅額
75,上半年,19861216,19870114,"(課稅地價×稅率–累計差額)×1＝應納稅額
累進起點地價及稅率、累進差額同上。",課稅地價×5/1000×1/2=應納稅額,課稅地價×15/1000×1/2=應納稅額,課稅地價×10/1000×1/2=應納稅額
75,下半年,19861216,19870114,"(課稅地價×稅率–累進差額)×1/2＝應納稅額
(1)(3301000以下×10/1000)×1/2＝應納稅額
(2)(3301001~19806000×15/1000–16505)×1/2＝應納稅額
(3)(19806001~36311000×25/1000–214565)×1/2＝應納稅額
(4)(36311001~52816000×35/1000–577675)×1/2＝應納稅額
(5)(52816001~69321000×45/1000–1105835)×1/2＝應納稅額
(6)(69321001以上×55/1000–1799045)×1/2＝應納稅額",課稅地價×3/1000×1/2＝應納稅額,課稅地價×10/1000×1/2＝應納稅額,課稅地價×6/1000×1/2＝應納稅額
76,全年,19880102,19880131,"【(1月至6月地價×稅率–累進差額)÷2】+【(7月至12月地價×稅率–累進差額)÷2×60/100】=應納稅額
(1)【(3301000以下×10/1000)÷2】+【(13781000以下×10/1000)÷2×60/100】=應納稅額
(2)【(3301001~19806000×15/1000-16505)÷2】+【(13781001~82686000×15/1000-68905)÷2×60/100】=應納稅額
(3)【(19806001~36311000×25/1000-214565)÷2】+【(82686001~151591000×25/1000-895765)÷2×60/100】=應納稅額
(4)【(36311001~52816000×35/1000-577675)÷2】+【(151591001~220496000×35/1000-2411675)÷2×60/100】=應納稅額
(5)【(52816001~69321000×45/1000-1105835)÷2】+【(202496001~289401000×45/1000-4616635)÷2×60/100】=應納稅額
(6)【(69321001以上×55/1000-1799045)÷2】+【(289401001以上×55/1000-7510645)÷2×60/100】=應納稅額",(1月至6月地價×3/1000)÷2+(7月至12月地價×3/1000)÷2×60/100=應納稅額,(1月至6月地價×10/1000)÷2+(7月至12月地價×10/1000)÷2×60/100=應納稅額,(1月至6月地價×6/1000)÷2+(7月至12月地價×6/1000)÷2×60/100=應納稅額
77,全年,19881116,19881215,"(課稅地價×稅率–累進差額)×60/100＝應納總額
(1)(13781000以下×10/1000)×60/100＝應納總額
(2)(13781001~82686000×15/1000–68905)×60/100＝應納總額
(3)(82686001~151591000×25/1000–895765)×60/100＝應納總額
(4)(151591001~220496000×35/1000–2411675)×60/100＝應納總額
(5)(220496001~289401000×45/1000–4616635)×60/100＝應納總額
(6)(289401001以上×55/1000–7510645)×60/100＝應納總額",課稅地價×3/1000×60/100＝應納稅額,課稅地價×10/1000×60/100＝應納稅額,課稅地價×6/1000×60/100＝應納稅額
78,全年,19891116,19891215,"(課稅地價×稅率–累進差額)×80/100=應納總額
累進起點地價及稅率、累進差額同上。",課稅地價×3/1000×80/100=應納稅額,課稅地價×10/1000×80/100=應納稅額,課稅地價×6/1000×80/100=應納稅額
79,全年,19901116,19901215,"課稅地價×稅率–累進差額=應納總額
累進起點地價及稅率、累進差額同上。",課稅地價×2/1000=應納稅額,課稅地價×10/1000=應納稅額,課稅地價×6/1000=應納稅額
80,全年,19911116,19911215,"【(1月至6月地價×稅率－累進差額)÷2】+【(7月至12月地價×稅率－累進差額)÷2】=應納稅額
(1)【(13781000以下×10/1000)÷2】+【(19254000以下×10/1000)÷2】=應納稅額
(2)【(13781001~82686000×15/1000–68905)÷2】+【(19254001~115524000×15/1000－96270)÷2】=應納稅額
(3)【(82686001~151591000×25/1000–895765)÷2】+【(115524001~211794000×25/1000－1251510)÷2】=應納稅額
(4)【(151591001~220496000×35/1000–2411675)÷2】+【(211794001~308064000×35/1000－3369450)÷2】=應納稅額
(5)【(220496001~289401000×45/1000–4616635)÷2】+【(308064001~404334000×45/1000－6450090)÷2】=應納稅額
(6)【(289401001以上×55/1000–7510645)÷2】+【(404334001以上×55/1000－10493430)÷2】=應納稅額",(1月至6月地價×2/1000)÷2+(7月至12月地價×2/1000)÷2=應納稅額,(1月至6月地價×10/1000)÷2+(7月至12月地價10/1000)÷2=應納稅額,(1月至6月地價×6/1000)÷2+(7月至12月地價×6/1000)÷2=應納稅額
81,全年,19921116,19921215,"課稅地價×稅率–累進差額=應納總額
(1)19254000以下×10/1000=應納稅額
(2)19254001~115524000×15/1000–96270=應納稅額
(3)115524001~211794000×25/1000–1251510=應納稅額
(4)211794001~308064000×35/1000–3369450=應納稅額
(5)308064001~404334000×45/1000–6450090=應納稅額
(6)404334001以上×55/1000–10493430=應納稅額",課稅地價×2/1000=應納稅額,課稅地價×10/1000=應納稅額,課稅地價×6/1000=應納稅額
82,全年,19931116,19931215,"課稅地價×稅率–累進差額=應納總額
(1)19254000以下×10/1000=應納稅額
(2)19254001~115524000×15/1000–96270=應納稅額
(3)115524001~211794000×25/1000–1251510=應納稅額
(4)211794001~308064000×35/1000–3369450=應納稅額
(5)308064001~404334000×45/1000–6450090=應納稅額
(6)404334001以上×55/1000–10493430=應納稅額",課稅地價×2/1000=應納稅額,課稅地價×10/1000=應納稅額,課稅地價×6/1000=應納稅額
83,全年,19941116,19941215,"【(1月至6月地價×稅率–累進差額)÷2】+【(7月至12月地價×稅率–累進差額)÷2】=應納稅額
(1)【(19254000以下×10/1000)÷2】+【(22584000以下×10/1000)÷2】=應納稅額
(2)【(19254001~115524000×15/1000–96270)÷2】+【(22584001~135504000×15/1000－112920)÷2】=應納稅額
(3)【(115524001~211794000×25/1000–1251510)÷2】+【(135504001~248424000×25/1000－1467960)÷2】=應納稅額
(4)【(211794001~308064000×35/1000–3369450)÷2】+【(248424001~361344000×35/1000－3952200)÷2】=應納稅額
(5)【(308064001~404334000×45/1000–6450090)÷2】+【(361344001~474264000×45/1000－7565640)÷2】=應納稅額
(6)【(404334001以上×55/1000–10493430)÷2】+【(474264001以上×55/1000－12308280)÷2】=應納稅額",(1月至6月地價×2/1000)÷2+(7月至12月地價×2/1000)÷2=應納稅額,(1月至6月地價×10/1000)÷2+(7月至12月地價×10/1000)÷2=應納稅額,(1月至6月地價×6/1000)÷2+(7月至12月地價×6/1000)÷2=應納稅額
84,全年,19951116,19951215,"課稅地價×稅率–累進差額=應納稅額
(1)22584000以下×10/1000=應納稅額
(2)22584001~135504000×15/1000–112920=應納稅額
(3)135504001~248424000×25/1000–1467960=應納稅額
(4)248424001~361344000×35/1000–3952200=應納稅額
(5)361344001~474264000×45/1000–7565640=應納稅額
(6)474264001以上×55/1000–12308280=應納稅額",課稅地價×2/1000=應納稅額,課稅地價×10/1000=應納稅額,課稅地價×6/1000=應納稅額
85,全年,19961116,19961215,"課稅地價×稅率–累進差額=應納稅額
(1)22584000以下×10/1000=應納稅額
(2)22584001~135504000×15/1000–112920=應納稅額
(3)135504001~248424000×25/1000–1467960=應納稅額
(4)248424001~361344000×35/1000–3952200=應納稅額
(5)361344001~474264000×45/1000–7565640=應納稅額
(6)474264001以上×55/1000–12308280=應納稅額",課稅地價×2/1000=應納稅額,課稅地價×10/1000=應納稅額,課稅地價×6/1000=應納稅額
86,全年,19971116,19971215,"【(1月至6月地價×稅率－累進差額)÷2】+【(7月至12月地價×稅率－累進差額)÷2】=應納稅額
(1)【(22584000以下×10/1000)÷2】+【(24815000以下×10/1000)÷2】=應納稅額
(2)【(22584001~135504000×15/1000–112920)÷2】+【(24815001~148890000×15/1000－124075)÷2】=應納稅額
(3)【(135504001~248424000×25/1000–1467960)÷2】+【(148890001~272965000×25/1000－1612975)÷2】=應納稅額
(4)【(248424001~361344000×35/1000–3952200)÷2】+【(272965001~397040000×35/1000－4342625)÷2】=應納稅額
(5)【(361344001~474264000×45/1000–7565640)÷2】+【(397040001~521115000×45/1000－8313025)÷2】=應納稅額
(6)【(474264001以上×55/1000–12308280÷2)】+【(521115001以上×55/1000－13524175)÷2】=應納稅額",(1月至6月地價×2/1000)÷2+(7月至12月地價×2/1000)÷2=應納稅額,(1月至6月地價×10/1000)÷2+(7月至12月地價×10/1000)÷2=應納稅額,(1月至6月地價×6/1000)÷2+(7月至12月地價×6/1000)÷2=應納稅額
87,全年,19981116,19981215,"課稅地價×稅率–累進差額=應納稅額
(1)24815000以下×10/1000=應納稅額
(2)24815001~148890000×15/1000–124075=應納稅額
(3)148890001~272965000×25/1000–1612975=應納稅額
(4)272965001~397040000×35/1000–4342625=應納稅額
(5)397040001~521115000×45/1000–8313025=應納稅額
(6)521115001以上×55/1000–13524175=應納稅額",課稅地價×2/1000=應納稅額,課稅地價×10/1000=應納稅額,課稅地價×6/1000=應納稅額
88,全年,19991116,19991215,"課稅地價×稅率–累進差額=應納稅額
(1)24815000以下×10/1000=應納稅額
(2)24815001~148890000×15/1000–124075=應納稅額
(3)148890001~272965000×25/1000–1612975=應納稅額
(4)272965001~397040000×35/1000–4342625=應納稅額
(5)397040001~521115000×45/1000–8313025=應納稅額
(6)521115001以上×55/1000–13524175=應納稅額",課稅地價×2/1000=應納稅額,課稅地價×10/1000=應納稅額,課稅地價×6/1000=應納稅額
89,全年,20001116,20001215,"【(1月至6月地價×稅率－累進差額)÷2】+【(7至12月地價×稅率－累進差額)÷2】=應納稅額
(1)【(24815000以下×10/1000)÷2】+【(25366000以下×10/1000)÷2】=應納稅額
(2)【(24815001~148890000×15/1000–124075)÷2】+【(25366001~152196000×15/1000－126830)÷2】=應納稅額
(3)【(148890001~272965000×25/1000–1612975)÷2】+【(152196001~279026000×25/1000－1648790)÷2】=應納稅額
(4)【(272965001~397040000×35/1000–4342625)÷2】+【(279026001~405856000×35/1000－4439050)÷2】=應納稅額
(5)【(397040001~521115000×45/1000–8313025)÷2】+【(405856001~532686000×45/1000－8497610)÷2】=應納稅額
(6)【(521115001以上×55/1000–13524175)÷2】+【(532686001以上×55/1000－13824470)÷2】=應納稅額",(1月至6月地價×2/1000)÷2+(7月至12月地價×2/1000)÷2=應納稅額,(1月至6月地價×10/1000)÷2+(7月至12月地價×10/1000)÷2=應納稅額,(1月至6月地價×6/1000)÷2+(7月至12月地價×6/1000)÷2=應納稅額
90,全年,20011101,20011130,"課稅地價×稅率–累進差額=應納稅額
(1)25366000以下×10/1000=應納稅額
(2)25366001~152196000×15/1000–126830=應納稅額
(3)152196001~279026000×25/1000–1648790=應納稅額
(4)279026001~405856000×35/1000–4439050=應納稅額
(5)405856001~532686000×45/1000–8497610=應納稅額
(6)532686001以上×55/1000–13824470=應納稅額",課稅地價×2/1000=應納稅額,課稅地價×10/1000=應納稅額,課稅地價×6/1000=應納稅額
91,全年,20021101,20021130,"課稅地價×稅率–累進差額=應納稅額
(1)25366000以下×10/1000=應納稅額
(2)25366001~152196000×15/1000–126830=應納稅額
(3)152196001~279026000×25/1000–1648790=應納稅額
(4)279026001~405856000×35/1000–4439050=應納稅額
(5)405856001~532686000×45/1000–8497610=應納稅額
(6)532686001以上×55/1000–13824470=應納稅額",課稅地價×2/1000=應納稅額,課稅地價×10/1000=應納稅額,課稅地價×6/1000=應納稅額
92,全年,20031101,20031130,"課稅地價×稅率–累進差額=應納稅額
(1)25366000以下×10/1000=應納稅額
(2)25366001~152196000×15/1000–126830=應納稅額
(3)152196001~279026000×25/1000–1648790=應納稅額
(4)279026001~405856000×35/1000–4439050=應納稅額
(5)405856001~532686000×45/1000–8497610=應納稅額
(6)532686001以上×55/1000–13824470=應納稅額",課稅地價×2/1000=應納稅額,課稅地價×10/1000=應納稅額,課稅地價×6/1000=應納稅額
93,全年,20041101,20041130,"課稅地價×稅率–累進差額=應納稅額
(1)24583000以下×10/1000=應納稅額
(2)24583001~147498000×15/1000–122915=應納稅額
(3)147498001~270413000×25/1000–1597895=應納稅額
(4)270413001~393328000×35/1000–4302025=應納稅額
(5)393328001~516243000×45/1000–8235305=應納稅額
(6)516243001以上×55/1000–13397735=應納稅額",課稅地價×2/1000=應納稅額,課稅地價×10/1000=應納稅額,課稅地價×6/1000=應納稅額
94,全年,20051101,20051130,"課稅地價×稅率–累進差額=應納稅額
(1)24583000以下×10/1000=應納稅額
(2)24583001~147498000×15/1000–122915=應納稅額
(3)147498001~270413000×25/1000–1597895=應納稅額
(4)270413001~393328000×35/1000–4302025=應納稅額
(5)393328001~516243000×45/1000–8235305=應納稅額
(6)516243001以上×55/1000–13397735=應納稅額",課稅地價×2/1000=應納稅額,課稅地價×10/1000=應納稅額,課稅地價×6/1000=應納稅額
95,全年,20061101,20061130,"課稅地價×稅率–累進差額=應納稅額
(1)24583000以下×10/1000=應納稅額
(2)24583001~147498000×15/1000–122915=應納稅額
(3)147498001~270413000×25/1000–1597895=應納稅額
(4)270413001~393328000×35/1000–4302025=應納稅額
(5)393328001~516243000×45/1000–8235305=應納稅額
(6)516243001以上×55/1000–13397735=應納稅額",課稅地價×2/1000=應納稅額,課稅地價×10/1000=應納稅額,課稅地價×6/1000=應納稅額
96,全年,20071101,20071130,"課稅地價×稅率–累進差額=應納稅額
(1)26374000以下×10/1000=應納稅額
(2)26374001~158244000×15/1000–131870=應納稅額
(3)158244001~290114000×25/1000–1714310=應納稅額
(4)290114001~421984000×35/1000–4615450=應納稅額
(5)421984001~553854000×45/1000–8835290=應納稅額
(6)553854001以上×55/1000–14373830=應納稅額",課稅地價×2/1000=應納稅額,課稅地價×10/1000=應納稅額,課稅地價×6/1000=應納稅額
97,全年,20081101,20081130,"課稅地價×稅率–累進差額=應納稅額
(1)26374000以下×10/1000=應納稅額
(2)26374001~158244000×15/1000–131870=應納稅額
(3)158244001~290114000×25/1000–1714310=應納稅額
(4)290114001~421984000×35/1000–4615450=應納稅額
(5)421984001~553854000×45/1000–8835290=應納稅額
(6)553854001以上×55/1000–14373830=應納稅額",課稅地價×2/1000=應納稅額,課稅地價×10/1000=應納稅額,課稅地價×6/1000=應納稅額
98,全年,20091101,20091130,"課稅地價×稅率–累進差額=應納稅額
(1)26374000以下×10/1000=應納稅額
(2)26374001~158244000×15/1000–131870=應納稅額
(3)158244001~290114000×25/1000–1714310=應納稅額
(4)290114001~421984000×35/1000–4615450=應納稅額
(5)421984001~553854000×45/1000–8835290=應納稅額
(6)553854001以上×55/1000–14373830=應納稅額",課稅地價×2/1000=應納稅額,課稅地價×10/1000=應納稅額,課稅地價×6/1000=應納稅額
99,全年,20101101,20101130,"課稅地價×稅率–累進差額=應納稅額
(1)29510000以下×10/1000=應納稅額
(2)29510001~177060000×15/1000–147550=應納稅額
(3)177060001~324610000×25/1000–1918150=應納稅額
(4)324610001~472160000×35/1000–5164250=應納稅額
(5)472160001~619710000×45/1000–9885850=應納稅額
(6)619710001以上×55/1000–16082950=應納稅額",課稅地價×2/1000=應納稅額,課稅地價×10/1000=應納稅額,課稅地價×6/1000=應納稅額
100,全年,20111101,20111130,"課稅地價×稅率–累進差額=應納稅額
(1)29510000以下×10/1000=應納稅額
(2)29510001~177060000×15/1000–147550=應納稅額
(3)177060001~324610000×25/1000–1918150=應納稅額
(4)324610001~472160000×35/1000–5164250=應納稅額
(5)472160001~619710000×45/1000–9885850=應納稅額
(6)619710001以上×55/1000–16082950=應納稅額",課稅地價×2/1000=應納稅額,課稅地價×10/1000=應納稅額,課稅地價×6/1000=應納稅額
101,全年,20121101,20121130,"課稅地價×稅率–累進差額=應納稅額
(1)29510000以下×10/1000=應納稅額
(2)29510001~177060000×15/1000–147550=應納稅額
(3)177060001~324610000×25/1000–1918150=應納稅額
(4)324610001~472160000×35/1000–5164250=應納稅額
(5)472160001~619710000×45/1000–9885850=應納稅額
(6)619710001以上×55/1000–16082950=應納稅額",課稅地價×2/1000=應納稅額,課稅地價×10/1000=應納稅額,課稅地價×6/1000=應納稅額
102,全年,20131101,20131130,"課稅地價×稅率–累進差額=應納稅額
(1)31318000以下×10/1000=應納稅額
(2)31318001~187908000×15/1000–156590=應納稅額
(3)187908001~344498000×25/1000–2035670=應納稅額
(4)344498001~501088000×35/1000–5480650=應納稅額
(5)501088001~657678000×45/1000–10491530=應納稅額
(6)657678001以上×55/1000–17068310=應納稅額",課稅地價×2/1000=應納稅額 ,課稅地價×10/1000=應納稅額,課稅地價×6/1000=應納稅額
103,全年,20141101,20141130,"課稅地價×稅率–累進差額=應納稅額
(1)31318000以下×10/1000=應納稅額
(2)31318001~187908000×15/1000–156590=應納稅額
(3)187908001~344498000×25/1000–2035670=應納稅額
(4)344498001~501088000×35/1000–5480650=應納稅額
(5)501088001~657678000×45/1000–10491530=應納稅額
(6)657678001以上×55/1000–17068310=應納稅額",課稅地價×2/1000=應納稅額 ,課稅地價×10/1000=應納稅額,課稅地價×6/1000=應納稅額
104,全年,20151101,20151130,"課稅地價×稅率–累進差額=應納稅額
(1)31318000以下×10/1000=應納稅額
(2)31318001~187908000×15/1000–156590=應納稅額
(3)187908001~344498000×25/1000–2035670=應納稅額
(4)344498001~501088000×35/1000–5480650=應納稅額
(5)501088001~657678000×45/1000–10491530=應納稅額
(6)657678001以上×55/1000–17068310=應納稅額",課稅地價×2/1000=應納稅額 ,課稅地價×10/1000=應納稅額,課稅地價×6/1000=應納稅額
105,全年,20161101,20161130,"課稅地價×稅率–累進差額=應納稅額
(1)41709000以下×10/1000=應納稅額
(2)41709001~250254000×15/1000–208545=應納稅額
(3)250254001~458799000×25/1000–2711085=應納稅額
(4)458799001~667344000×35/1000–7299075=應納稅額
(5)667344001~875889000×45/1000–13972515=應納稅額
(6)875889001以上×55/1000–22731405=應納稅額",課稅地價×2/1000=應納稅額,課稅地價×10/1000=應納稅額,課稅地價×6/1000=應納稅額 
106,全年,20171101,20171130,"課稅地價×稅率–累進差額=應納稅額
(1)41709000以下×10/1000=應納稅額
(2)41709001~250254000×15/1000–208545=應納稅額
(3)250254001~458799000×25/1000–2711085=應納稅額
(4)458799001~667344000×35/1000–7299075=應納稅額
(5)667344001~875889000×45/1000–13972515=應納稅額
(6)875889001以上×55/1000–22731405=應納稅額",課稅地價×2/1000=應納稅額,課稅地價×10/1000=應納稅額,課稅地價×6/1000=應納稅額 
107,全年,20181101,20181130,"課稅地價×稅率–累進差額=應納稅額
(1)39387000以下×10/1000=應納稅額
(2)39387001~236322000×15/1000–196935=應納稅額
(3)236322001~433257000×25/1000–2560155=應納稅額
(4)433257001~630192000×35/1000–6892725=應納稅額
(5)630192001~827127000×45/1000–13194645=應納稅額
(6)827127001以上×55/1000–21465915=應納稅額",課稅地價×2/1000=應納稅額,課稅地價×10/1000=應納稅額,課稅地價×6/1000=應納稅額
108,全年,20191101,20191130,"課稅地價×稅率–累進差額=應納稅額
(1)39387000以下×10/1000=應納稅額
(2)39387001~236322000×15/1000–196935=應納稅額
(3)236322001~433257000×25/1000–2560155=應納稅額
(4)433257001~630192000×35/1000–6892725=應納稅額
(5)630192001~827127000×45/1000–13194645=應納稅額
(6)827127001以上×55/1000–21465915=應納稅額",課稅地價×2/1000=應納稅額,課稅地價×10/1000=應納稅額,課稅地價×6/1000=應納稅額
109,全年,20201101,20201130,"課稅地價×稅率–累進差額 =應納稅額
(1) 39,961,000以下 × 10/1000=應納稅額
(2) 39,961,001~239,766,000 × 15/1000–199,805=應納稅額
(3) 239,766,001~439,571,000 × 25/1000–2,597,465=應納稅額
(4) 439,571,001~639,376,000 × 35/1000–6,993,175=應納稅額
(5) 639,376,001~839,181,000 × 45/1000–13,386,935=應納稅額
(6) 839,181,001以上 × 55/1000–21,778,745=應納稅額",課稅地價×2/1000=應納稅額,課稅地價×10/1000=應納稅額,課稅地價×6/1000=應納稅額
110,全年,20211101,20211130,"課稅地價×稅率–累進差額 =應納稅額
(1) 39,961,000以下 × 10/1000=應納稅額
(2) 39,961,001~239,766,000 × 15/1000–199,805=應納稅額
(3) 239,766,001~439,571,000 × 25/1000–2,597,465=應納稅額
(4) 439,571,001~639,376,000 × 35/1000–6,993,175=應納稅額
(5) 639,376,001~839,181,000 × 45/1000–13,386,935=應納稅額
(6) 839,181,001以上 × 55/1000–21,778,745=應納稅額",課稅地價×2/1000=應納稅額,課稅地價×10/1000=應納稅額,課稅地價×6/1000=應納稅額
111,全年,20221101,20221130,"課稅地價×稅率–累進差額 =應納稅額
(1) 40,727,000以下 × 10/1000=應納稅額
(2) 40,727,001~244,362,000 × 15/1000–203,635=應納稅額
(3) 244,362,001~447,997,000 × 25/1000–2,647,255=應納稅額
(4) 447,997,001~651,632,000 × 35/1000–7,127,225=應納稅額
(5) 651,632,001~855,267,000 × 45/1000–13,643,545=應納稅額
(6) 855,267,001以上 × 55/1000–22,196,215=應納稅額",課稅地價×2/1000=應納稅額,課稅地價×10/1000=應納稅額,課稅地價×6/1000=應納稅額
112,全年,20231101,20231130,"課稅地價×稅率–累進差額 =應納稅額
(1) 40,727,000以下 × 10/1000=應納稅額
(2) 40,727,001~244,362,000 × 15/1000–203,635=應納稅額
(3) 244,362,001~447,997,000 × 25/1000–2,647,255=應納稅額
(4) 447,997,001~651,632,000 × 35/1000–7,127,225=應納稅額
(5) 651,632,001~855,267,000 × 45/1000–13,643,545=應納稅額
(6) 855,267,001以上 × 55/1000–22,196,215=應納稅額",課稅地價×2/1000=應納稅額,課稅地價×10/1000=應納稅額,課稅地價×6/1000=應納稅額
113,全年,20241101,20241130,"課稅地價×稅率–累進差額 =應納稅額
(1) 42,165,000以下 × 10/1000=應納稅額
(2) 42,165,001~252,990,000 × 15/1000–210,825=應納稅額
(3) 252,990,001~463,815,000 × 25/1000–2,740,725=應納稅額
(4) 463,815,001~674,640,000 × 35/1000–7,378,875=應納稅額
(5) 674,640,001~885,465,000 × 45/1000–14,125,275=應納稅額
(6) 885,465,001以上 × 55/1000–22,979,925=應納稅額",課稅地價×2/1000=應納稅額,課稅地價×10/1000=應納稅額,課稅地價×6/1000=應納稅額
114,全年,20251101,20251130,"課稅地價×稅率–累進差額 =應納稅額
(1) 42,165,000以下 × 10/1000=應納稅額
(2) 42,165,001~252,990,000 × 15/1000–210,825=應納稅額
(3) 252,990,001~463,815,000 × 25/1000–2,740,725=應納稅額
(4) 463,815,001~674,640,000 × 35/1000–7,378,875=應納稅額
(5) 674,640,001~885,465,000 × 45/1000–14,125,275=應納稅額
(6) 885,465,001以上 × 55/1000–22,979,925=應納稅額",課稅地價×2/1000=應納稅額,課稅地價×10/1000=應納稅額,課稅地價×6/1000=應納稅額
