"統計期","總用戶數[戶]","總用電量[千度]","每用戶用電量[度]","電燈用戶數[戶]","電燈用電量[千度]","電燈每用戶用電量[度]","電燈/包燈/用戶數[戶]","電燈/包燈/用電量[千度]","電燈/包燈/每用戶用電量[度]","電燈/包燈/一般用/用戶數[戶]","電燈/包燈/一般用/用電量[千度]","電燈/包燈/一般用/每用戶用電量[度]","電燈/包燈/公用路燈/用戶數[戶]","電燈/包燈/公用路燈/用電量[千度]","電燈/包燈/公用路燈/每用戶用電量[度]","電燈/表燈/用戶數[戶]","電燈/表燈/用電量[千度]","電燈/表燈/每用戶用電量[度]","電燈/表燈/營業用/用戶數[戶]","電燈/表燈/營業/用電量[千度]","電燈/表燈/營業/每用戶用電量[度]","電燈/表燈/非營業/用戶數[戶]","電燈/表燈/非營業/用電量[千度]","電燈/表燈/非營業用/每用戶用電量[度]","電力用戶數[戶]","電力用電量[千度]","電力每用戶用電量[度]","電力/包用/用戶數[戶]","電力/包用/用電量[千度]","電力/包用/每用戶用電量[度]","電力/表計/用戶數[戶]","電力/表計/用電量[千度]","電力/表計/每用戶用電量[度]","台電自用用電量[千度]"
"57年",221511,1190915,5759,212445,396127,1999,38,0,0,31,0,0,7,0,0,212407,396127,1999,0,0,0,0,0,0,9066,794788,91947,24,246,9107,9042,794542,92206,3270
"58年",238161,1357841,5908,228668,471749,2139,38,0,0,30,0,0,8,0,0,228630,471749,2139,0,0,0,0,0,0,9493,886093,95489,24,261,10858,9469,885832,95709,4336
"59年",293883,1774917,6672,282815,679273,2656,73,0,0,49,0,0,24,0,0,282742,679273,2657,0,0,0,0,0,0,11068,1095644,106575,36,490,16336,11032,1095153,106839,0
"60年",312445,1872042,6175,300931,785769,2692,69,22364,314992,44,757,16281,25,21607,881932,300862,763405,2616,0,0,0,0,0,0,11514,1086272,96207,36,330,9166,11478,1085942,96485,7882
"61年",340018,2092001,6413,327799,877204,2790,73,31657,445869,43,820,18857,30,30836,1121325,327726,845547,2690,0,0,0,0,0,0,12219,1214797,102372,37,344,9437,12182,1214453,102659,8188
"62年",361183,2367926,6754,348021,994630,2943,73,36965,506374,38,804,19852,35,36161,1112656,347948,957664,2835,0,0,0,0,0,0,13162,1373296,108215,36,450,12329,13126,1372846,108491,6955
"63年",391360,2288318,6082,377959,1015785,2798,74,38253,520455,36,909,24581,38,37344,1023122,377885,977532,2694,0,0,0,0,0,0,13401,1272533,95812,38,528,14282,13363,1272005,96040,6413
"64年",428199,2566705,6264,414712,1187690,2997,75,50417,676743,36,1059,29427,39,49358,1282025,414637,1137273,2870,0,0,0,0,0,0,13487,1379015,102575,38,564,14846,13449,1378451,102823,5728
"65年",452420,2878866,6538,438953,1350728,3165,61,71177,1046728,40,1130,29742,21,70047,2334910,438892,1279551,2998,0,0,0,0,0,0,13467,1528137,113389,38,578,15203,13429,1527560,113666,9070
"66年",487901,3118574,6633,474429,1492577,3268,62,77103,1253703,43,1139,27444,19,75964,3798190,474367,1415474,3100,0,0,0,0,0,0,13472,1625997,120717,39,605,15713,13433,1625392,121018,9760
"67年",528604,3424718,6738,514769,1722495,3483,62,85961,1386465,42,1136,26720,20,84825,4350013,514707,1636534,3309,0,0,0,0,0,0,13835,1702223,124673,38,608,15798,13797,1701615,124981,11788
"68年",562786,3568905,6540,548667,1795153,3376,69,87354,1333645,46,1134,25774,23,86220,4010218,548598,1707799,3212,0,0,0,0,0,0,14119,1773752,126905,38,603,15879,14081,1773149,127208,10615
"69年",602558,3651972,6268,588529,1884020,3313,212,85560,608970,158,2714,26612,54,82846,2151841,588317,1798459,3164,0,0,0,0,0,0,14029,1767952,125618,40,650,16667,13989,1767302,125921,11267
"70年",640020,3608459,5808,625849,1894830,3121,243,83106,365303,174,4474,26952,69,78632,1278577,625606,1811723,2985,0,0,0,0,0,0,14171,1713629,121534,40,783,19571,14131,1712847,121824,11768
"71年",681235,3794763,5744,666921,2026821,3136,309,89920,325798,234,5312,26038,75,84608,1175117,666612,1936901,2998,0,0,0,0,0,0,14314,1767942,124131,42,1045,25482,14272,1766897,124416,17371
"72年",725137,4406739,6267,710562,2399722,3484,397,85870,243259,295,5003,18915,102,80867,913756,710165,2313851,3361,0,0,0,0,0,0,14575,2007017,138947,39,1121,27689,14536,2005896,139260,23476
"73年",766950,4625881,6201,752027,2501463,3421,407,89396,222379,309,5288,17511,98,84108,841081,751620,2412067,3300,0,0,0,0,0,0,14923,2124417,144038,42,1221,30150,14881,2123196,144352,25129
"74年",809079,4999877,6345,793829,2689673,3480,420,92622,223995,323,5494,17387,97,87128,893616,793409,2597051,3362,0,0,0,0,0,0,15250,2310204,153131,45,1349,31022,15205,2308855,153484,27379
"75年",840519,5354287,6492,824784,2936752,3629,441,97961,227552,339,6237,18844,102,91724,921848,824343,2838791,3510,0,0,0,0,0,0,15735,2417536,156046,47,1534,33353,15688,2416001,156411,27972
"76年",863887,6123143,7185,847645,3288678,3933,448,103639,233158,345,6201,18133,103,97437,950609,847197,3185039,3811,0,0,0,0,0,0,16242,2834465,177281,47,1693,36016,16195,2832772,177698,29096
"77年",878706,7413672,8509,862098,4200951,4914,469,110267,240495,365,6517,18357,104,103750,1002419,861629,4090684,4788,0,0,0,0,0,0,16608,3212721,195599,46,1785,38382,16562,3210936,196046,31200
"78年",892757,7711093,8706,875967,4206535,4840,491,117238,244246,383,7094,18968,108,110144,1039094,875476,4089297,4708,0,0,0,0,0,0,16790,3504558,209866,47,1804,38791,16743,3502754,210344,31609
"79年",905295,8518235,9475,888380,4720255,5351,524,124758,245828,415,7291,18272,109,117467,1082648,887856,4595497,5212,0,0,0,0,0,0,16915,3797980,225366,51,1978,40358,16864,3796003,225905,33546
"80年",913995,8949956,9839,897043,4944106,5538,616,135843,238321,501,7823,17080,115,128021,1143041,896427,4808263,5390,0,0,0,0,0,0,16952,4005849,236564,51,2141,41979,16901,4003708,237151,31207
"81年",918772,9325241,10176,901907,5101232,5671,679,139784,215882,565,8634,16198,114,131150,1145417,901228,4961448,5520,0,0,0,0,0,0,16865,4224009,249816,55,2031,38324,16810,4221978,250481,30871
"82年",926057,10096476,10946,909161,5526582,6103,687,142993,209360,573,9224,16211,114,133769,1173410,908474,5383589,5950,0,0,0,0,0,0,16896,4569894,270720,63,2167,36733,16833,4567727,271541,31576
"83年",938053,10474624,11238,920979,5680369,6208,699,147936,213471,580,11081,19221,119,136855,1174720,920280,5532433,6050,0,0,0,0,0,0,17074,4794255,282264,62,2190,35048,17012,4792065,283177,31948
"84年",957227,10994994,11603,939854,5938420,6383,2160,152930,106981,2004,11492,8895,156,141438,1028638,937694,5785490,6228,0,0,0,0,0,0,17373,5056574,293586,61,2165,35199,17312,5054409,294512,31746
"85年",974912,11385923,11786,957319,6118268,6450,2271,160227,72321,2107,11915,5796,164,148312,926951,955048,5958042,6296,0,0,0,0,0,0,17593,5267655,301302,64,2112,33792,17529,5265543,302261,32393
"86年",990160,11568638,11774,972145,6004273,6224,2539,169506,70481,2335,12360,5565,204,157146,854054,969606,5834767,6063,0,0,0,0,0,0,18015,5564365,312535,64,2175,33979,17951,5562190,313539,32205
"87年",1004145,12775541,12812,985777,6695517,6839,2759,181077,68357,2551,13334,5458,208,167743,814288,983018,6514440,6672,0,0,0,0,0,0,18368,6080025,334223,63,2155,33938,18305,6077870,335275,30176
"88年",1014919,12819350,12698,996034,6594678,6655,3929,188918,56495,3715,14714,4696,214,174204,825613,992105,6405760,6486,0,0,0,0,0,0,18885,6224672,334184,53,2126,36653,18832,6222546,335113,33299
"89年",1026830,13733994,13453,1007515,6884633,6872,4509,198537,47058,4287,16637,4158,222,181901,834407,1003006,6686096,6702,0,0,0,0,0,0,19315,6849361,358605,53,2056,38798,19262,6847305,359495,35791
"90年",1033978,14048162,13634,1014387,7013143,6937,4987,205785,43341,4747,18105,4008,240,187681,812470,1009400,6807358,6765,0,0,0,0,0,0,19591,7035019,361642,54,2108,39400,19537,7032911,362531,36188
"91年",1042377,14591953,14055,1022245,7140009,7012,5109,211894,41976,4882,18829,3911,227,193065,826830,1017136,6928115,6837,148284,2575419,34736,868852,4352696,10019,20132,7451944,375195,56,2105,38280,20076,7449839,376131,31547
"92年",1050211,15157448,14487,1029691,7430750,7243,5126,215131,42038,4897,19392,3966,229,195740,858508,1024565,7215619,7068,146031,2661588,18087,878534,4554030,5212,20520,7726698,380139,59,2183,37969,20461,7724515,381109,42292
"93年",1057920,15466590,14673,1037043,7437654,7197,5319,214943,41157,5103,20215,4043,216,194728,875183,1031724,7222711,7025,140127,2693168,18823,891597,4529543,5118,20877,8028935,387899,60,2194,36867,20817,8026742,388911,46436
"94年",1067109,16419052,15453,1046058,7915701,7600,5615,217473,39779,5401,19218,3659,214,198256,922120,1040443,7698228,7430,138395,2843485,20418,902048,4854743,5413,21051,8503350,405617,60,2205,36743,20991,8501146,406676,48353
"95年",1080282,16637501,15496,1059040,7819107,7429,7320,221142,34193,7090,19544,3129,230,201598,908101,1051720,7597965,7263,135612,2811362,20520,916108,4786603,5265,21242,8818394,417014,57,2176,37194,21185,8816219,418068,49277
"96年",1094783,16779774,15429,1073306,7809699,7325,8138,225996,29240,7910,20409,2721,228,205588,897762,1065168,7583703,7165,132073,2767609,20678,933095,4816094,5209,21477,8970075,419957,59,2117,36499,21418,8967958,421001,49176
"97年",1114626,17233757,15600,1092995,7734690,7141,9388,232106,26487,9160,22499,2636,228,209607,919328,1083607,7502585,6983,129362,2703512,20682,954245,4799072,5086,21631,9499067,440710,63,1806,29611,21568,9497260,441877,49944
"98年",1131327,16264968,14484,1109556,7522598,6831,10386,235042,23773,10158,24179,2503,228,210863,924838,1099170,7287556,6677,126671,2556582,19971,972499,4730974,4911,21771,8742371,402856,61,1785,28785,21710,8740586,403927,50164
"99年",1140995,16543257,14561,1118886,7625619,6844,14192,234434,19077,13803,24428,2039,389,210006,680734,1104694,7391184,6707,126836,2607736,20573,977858,4783449,4905,22109,8917638,406456,62,1763,28671,22047,8915875,407518,49932
"100年",1156241,16495687,14361,1133996,7646473,6788,21533,240743,13478,21099,26340,1509,434,214403,521028,1112463,7405730,6680,126479,2588808,20439,985984,4816922,4906,22245,8849214,399027,61,1792,29140,22184,8847422,400055,0
"101年",1166274,16268370,14009,1143801,7455410,6546,23410,233151,10375,22951,24718,1122,459,208434,466817,1120391,7222259,6469,125123,2579644,20506,995268,4642615,4687,22473,8812960,394157,61,1753,28740,22412,8811206,395157,0
"102年",1173057,16160775,13817,1150436,7369768,6425,23956,217150,9169,23134,19126,830,822,198024,309171,1126480,7152618,6367,125580,2508254,20010,1000900,4644364,4653,22621,8791006,389897,60,1739,28746,22561,8789267,390869,0
"103年",1179153,16245319,13813,1156357,7500476,6503,24038,192103,8005,23153,19303,834,885,172800,202461,1132319,7308373,6471,126309,2536220,20138,1006010,4772153,4756,22796,8744843,385091,60,1698,28300,22736,8743145,386036,0
"104年",1186649,16175304,13674,1163710,7353055,6339,23983,176654,7357,23304,19541,841,679,157113,200912,1139727,7176401,6317,127644,2539265,19998,1012083,4637136,4596,22939,8822249,385799,56,1662,28650,22883,8820588,386707,0
"105年",1193970,16531450,13888,1170904,7656424,6559,24782,161815,6637,24092,19814,836,690,142001,207452,1146122,7494609,6557,128402,2586997,20207,1017720,4907612,4836,23066,8875026,385829,54,1574,28614,23012,8873452,386685,0
"106年",1200211,16390417,13692,1177005,7603365,6477,25666,153925,6102,24973,20253,826,693,133672,193307,1151339,7449440,6485,128946,2596410,20178,1022393,4853030,4758,23206,8787052,379800,52,1501,28325,23154,8785551,380607,0
"107年",1205167,16193209,13464,1181843,7444253,6312,24393,136758,5464,23731,19767,812,662,116992,172681,1157450,7307495,6330,128694,2579749,20026,1028756,4727746,4610,23324,8748956,376057,52,1475,28358,23272,8747482,376835,0
"108年",1210462,16104113,13333,1187071,7373723,6225,24676,121995,4972,24035,19517,817,641,102478,157295,1162395,7251728,6252,128683,2572441,19990,1033712,4679288,4538,23391,8730389,373772,51,1465,28443,23340,8728924,374536,0
"109年",1214298,16115287,13292,1190884,7545990,6347,24869,109620,4425,24244,19513,808,625,90107,142349,1166015,7436370,6388,128439,2558392,19900,1037576,4877979,4710,23414,8569297,366170,50,1444,28604,23364,8567852,366900,0
"110年",1217400,15986169,13148,1193943,7758693,6507,24820,104732,4216,24203,18746,774,617,85987,138465,1169123,7653961,6555,127556,2450955,19148,1041567,5203006,5005,23457,8227476,351069,49,1394,28166,23408,8226082,351752,0
"111年",1222729,15762000,12919,1199212,7457280,6232,24903,102671,4130,24350,18546,764,553,84125,143804,1174309,7354609,6277,127178,2486620,19523,1047131,4867989,4661,23517,8304720,353588,48,1380,28447,23469,8303340,354261,0
"112年",1226623,15985485,13053,1203039,7596470,6324,25239,98774,3940,24713,18401,750,526,80373,148977,1177800,7497696,6375,126430,2565846,20235,1051370,4931849,4700,23584,8389015,356214,48,1380,28744,23536,8387636,356883,0
"113年",1231986,16181940,13163,1208261,7763317,6439,25539,97157,3827,25062,18563,746,477,78594,156718,1182722,7666160,6495,125911,2622622,20786,1056811,5043538,4785,23725,8418624,355899,48,1383,28823,23677,8417240,356565,0
"114年",1242655,16105223,13016,1218794,7782781,6413,26076,95538,3702,25637,18733,739,439,76805,167697,1192718,7687243,6472,126276,2580510,20465,1066442,5106733,4810,23861,8322442,349785,48,1380,28744,23813,8321062,350434,0

